,City,Country,IATA airport code
1,Aarhus,Denmark,AAR
2,Abadan,Iran,ABD
3,Abeche,Chad,AEH
4,Aberdeen,United Kingdom,ABZ
5,Aberdeen (SD),USA,ABR
6,Abidjan,Cote d'Ivoire,ABJ
7,Abilene (TX),USA,ABI
8,Abu Dhabi - Abu Dhabi International,United Arab Emirates,AUH
9,Abuja - Nnamdi Azikiwe International Airport,Nigeria,ABV
10,Abu Rudeis,Egypt,AUE
11,Abu Simbel,Egypt,ABS
12,Acapulco,Mexico,ACA
13,Accra - Kotoka International Airport,Ghana,ACC
14,Adana,Turkey,ADA
15,Addis Ababa - Bole International Airport,Ethiopia,ADD
16,Adelaide,Australia,ADL
17,Aden - Aden International Airport,Yemen,ADE
18,Adiyaman,Turkey,ADF
19,Adler/Sochi,Russia,AER
20,Agades,Niger,AJY
21,Agadir,Morocco,AGA
22,Agana (Hagåtña),Guam,SUM
23,Aggeneys,South Africa,AGZ
24,Aguadilla,Puerto Rico,BQN
25,Aguascaliente,Mexico,AGU
26,Ahmedabad,India,AMD
27,Aiyura,Papua New Guinea,AYU
28,Ajaccio,France,AJA
29,Akita,Japan,AXT
30,Akron (OH),USA,CAK
31,Akrotiri - RAF,Cyprus,AKT
32,Al Ain,United Arab Emirates,AAN
33,Al Arish,Egypt,AAC
34,Albany,Australia,ALH
35,Albany (GA),USA,ABY
36,Albany (NY) - Albany International Airport,USA,ALB
37,Albi,France,LBI
38,Alborg,Denmark,AAL
39,Albuquerque (NM),USA,ABQ
40,Albury,Australia,ABX
41,Alderney,Channel Islands,ACI
42,Aleppo,Syria,ALP
43,Alesund,Norway,AES
44,Alexander Bay - Kortdoorn,South Africa,ALJ
45,Alexandria - Borg el Arab Airport,Egypt,HBH
46,Alexandria - El Nhouza Airport,Egypt,ALY
47,Alexandria - Esler Field,USA (LA),ESF
48,Alfujairah (Fujairah),United Arab Emirates,FJR
49,Alghero Sassari,Italy,AHO
50,"Algiers, Houari Boumediene Airport",Algeria,ALG
51,Al Hoceima,Morocco,AHU
52,Alicante,Spain,ALC
53,Alice Springs,Australia,ASP
54,Alldays,South Africa,ADY
55,Allentown (PA),USA,ABE
56,Almaty (Alma Ata) - Almaty International Airport,Kazakhstan,ALA
57,Almeria,Spain,LEI
58,Alta,Norway,ALF
59,Altay,PR China,AAT
60,Altenrhein,Switzerland,ACH
61,Altoona (PA),USA,AOO
62,Altus,USA,AXS
63,Amami,Japan,ASJ
64,Amarillo (TX),USA,AMA
65,Amazon Bay,Papua New Guinea,AZB
66,Amman - Queen Alia International Airport,Jordan,AMM
67,Amman - Amman-Marka International Airport,Jordan,ADJ
68,Amritsar,India,ATQ
69,Amsterdam - Amsterdam Airport Schiphol,Netherlands,AMS
70,Anand,India,QNB
71,Anchorage (AK) - Ted Stevens Anchorage International,USA,ANC
72,Ancona - Ancona Falconara Airport,Italy,AOI
73,Andorra La Vella - Heliport,Andorra,ALV
74,Anguilla,Anguilla,AXA
75,Anjouan - Anjouan Airport,Comoros (Comores),AJN
76,Ankara,Turkey,ANK
77,Ankara - Esenboğa International Airport,Turkey,ESB
78,Annaba,Algeria,AAE
79,Ann Arbor (MI),USA,ARB
80,Annecy,France,NCY
81,Anniston (AL),USA,ANB
82,Antalya,Turkey,AYT
83,Antananarivo (Tanannarive) - Ivato International Airport,Madagascar,TNR
84,"Antigua, V.C. Bird International",Antigua and Barbuda,ANU
85,Antwerp,Belgium,ANR
86,Aomori,Japan,AOJ
87,Apia - Faleolo International Airport,Samoa,APW
88,Appelton/Neenah/Menasha (WI),USA,ATW
89,Aqaba,Jordan,AQJ
90,Aracaju,Brazil,AJU
91,Arkhangelsk,Russia,ARH
92,Arusha,Tanzania,ARK
93,Araxos,Greece,GPA
94,Arlit,Niger,RLT
95,Arrecife/Lanzarote,Spain,ACE
96,"Aruba - Reina Beatrix International, Oranjestad",Aruba,AUA
97,Asheville (NC),USA,AVL
98,Ashgabat - Saparmurat Turkmenbashy Int. Airport,Turkmenistan,ASB
99,Asmara - Asmara International,Eritrea,ASM
100,"Aspen, (CO) - Aspen-Pitkin County Airport",USA,ASE
101,Assiut,Egypt,ATZ
102,Astana - Astana International Airport,Kazakhstan,TSE
103,Asuncion - Asunción International Airport,Paraguay,ASU
104,Aswan - Daraw Airport,Egypt,ASW
105,Athens - Elefthérios Venizélos International Airport,Greece,ATH
106,"Athens, Hellinikon Airport",Greece,HEW
107,Athens (GA),USA,AHN
108,Athens (OH),USA,ATO
109,Atlanta (GA) - Hartsfield Atlanta International Airport,USA,ATL
110,Atlantic City (NJ) - Atlantic City International,USA,ACY
111,"Attawapiskat, NT",Canada,YAT
112,Auckland - Auckland International Airport,New Zealand,AKL
113,Augsburg - Augsbur gAirport,Germany,AGB
114,Augusta (GA),USA,AGS
115,Augusta (ME) - Augusta State Airport,USA,AUG
116,Aurillac,France,AUR
117,Austin (TX) - Austin-Bergstrom Airport,USA,AUS
118,Ayawasi,Indonesia,AYW
119,Ayers Rock - Connellan,Australia,AYQ
120,Ayr,Australia,AYR
123,Badajoz,Spain,BJZ
124,Bagdad - Baghdad International Airport,Iraq,BGW
125,Bagdogra,India,IXB
126,Bahamas - Lynden Pindling International Airport,The Bahamas,NAS
127,Bahawalpur,Pakistan,BHV
128,Bahrain - Bahrain International Airport,Bahrain,BAH
129,Bakersfield (CA),USA,BFL
130,Baku - Heydar Aliyev International Airport,Azerbaijan,BAK
131,Ballina,Australia,BNK
132,Baltimore (MD) - Washington International Airport,USA,BWI
133,Bamaga,Australia,ABM
134,Bamako - Bamako-Sénou International Airport,Mali,BKO
135,Bambari,Central African Republic,BBY
136,Bandar Seri Begawan - Brunei International Airport,Brunei,BWN
137,Bandung - Husein Sastranegara International Airport,Indonesia,BDO
138,Bangalore,India,BLR
139,Bangassou,Central African Republic,BGU
140,"Bangkok, Don Muang",Thailand,DMK
141,"Bangkok, Suvarnabhumi International",Thailand,BKK
142,Bangor (ME),USA,BGR
143,Bangui - M'Poko International Airport,Central African Republic,BGF
144,Banjul - Banjul International Airport (Yundum International),Gambia,BJL
145,Bannu,Pakistan,BNP
146,Barcelona,Spain,BCN
147,Barcelona,Venezuela,BLA
148,Bardufoss,Norway,BDU
149,Bari,Italy,BRI
150,Barisal,Bangladesh,BZL
151,Baroda,India,BDQ
152,Barra (the famous tidal beach landing),United Kingdom,BRR
153,Barranquilla,Colombia,BAQ
154,Basel,Switzerland,BSL
155,Basel/Mulhouse,Switzerland/France,EAP
156,"Basra, Basrah",Iraq,BSR
157,Basse-Terre - Pointe-à-Pitre International Airport,Guadeloupe,PTP
158,Basseterre - Robert L. Bradshaw International Airport,Saint Kitts and Nevis,SKB
159,Bastia,France,BIA
160,Baton Rouge (LA) - Baton Rouge Metropolitan Airport,USA,BTR
161,Bayreuth - Bindlacher-Berg,Germany,BYU
162,Beaumont/Pt. Arthur (TX),USA,BPT
163,Beckley (WV),USA,BKW
164,Beef Island - Terrance B. Lettsome,Virgin Islands (British),EIS
165,Beijing,China,PEK
166,Beijing - Nanyuan Airport,China,NAY
167,Beira,Mozambique,BEW
168,Beirut - Beirut Rafic Hariri International Airport,Lebanon,BEY
169,Belem - Val de Cans International Airport,Brazil,BEL
170,Belfast - George Best Belfast City Airport,United Kingdom,BHD
171,Belfast - Belfast International Airport,United Kingdom,BFS
172,Belgaum,India,IXG
173,Belgrad (Beograd) - Belgrade Nikola Tesla International,Serbia,BEG
174,Belize City - Philip S.W.Goldson International,Belize,BZE
175,Bellingham (WA),USA,BLI
176,Belo Horizonte - Tancredo Neves International Airport,Brazil,CNF
177,Bemidji (MN),USA,BJI
178,Benbecula,United Kingdom,BEB
179,Benghazi (Bengasi),Libya,BEN
180,Benguela,Angola,BUG
181,Benton Harbour (MI),USA,BEH
182,Berberati,Central African Republic,BBT
183,Bergamo/Milan - Orio Al Serio,Italy,BGY
184,Bergen,Norway,BGO
185,Bergerac - Roumanieres,France,EGC
186,Berlin,Germany,BER
187,"Berlin, Schoenefeld",Germany,SXF
188,"Berlin, Tegel",Germany,TXL
189,"Berlin, Tempelhof (ceased operating in 2008)",Germany,THF
190,Bermuda - L.F. Wade International Airport,Bermuda,BDA
191,"Berne, Bern-Belp",Switzerland,BRN
192,"Berne, Railway Service",Switzerland,ZDJ
193,Bethel (AK),USA,BET
194,Bhopal,India,BHO
195,Bhubaneswar,India,BBI
196,Biarritz,France,BIQ
197,Bilbao,Spain,BIO
198,Billings (MT),USA,BIL
199,Billund,Denmark,BLL
200,Bintulu,Malaysia,BTU
201,Biraro,Central African Republic,IRO
202,Birmingham - Birmingham International Airport,United Kingdom,BHX
203,Birmingham (AL),USA,BHM
204,Bishkek - Manas International Airport,Kyrgyzstan,FRU
205,Bismarck (ND) - Bismarck Municipal Airport,USA,BIS
206,Bissau - Osvaldo Vieiro International Airport,Guinea-Bissau,BXO
207,Blackpool,United Kingdom,BLK
208,Blackwater,Australia,BLT
209,Blantyre (Mandala) - Chileka International Airport,Malawi,BLZ
210,Blenheim,New Zealand,BHE
211,Bloemfontein - Bloemfontein Airport,South Africa,BFN
212,Bloomington (IL),USA,BMI
213,Bloomington (IN),USA,BMG
214,Bluefield (WV),USA,BLF
215,Boa Vista,Brazil,BVB
216,Bobo/Dioulasso,Burkina Faso,BOY
217,Bodo,Norway,BOO
218,Bodrum - Milas Airport,Turkey,BJV
219,Bogota - El Nuevo Dorado International Airport,Colombia,BOG
220,Boise (ID) - Boise Air Terminal,USA,BOI
221,Bologna,Italy,BLQ
222,Bombay (Mumbai) - Chhatrapati Shivaji International,India,BOM
223,Bonaire,Netherlands Antilles,BON
224,"Bonaventure, PQ",Canada,YVB
225,Bora Bora,French Polynesia,BOB
226,Bordeaux - Bordeaux Airport,France,BOD
227,Borrego Springs (CA),USA,BXS
228,Boston (MA) - General Edward Lawrence Logan,USA,BOS
229,Bouake,Cote d'Ivoire,BYK
230,Bourgas/Burgas,Bulgaria,BOJ
231,Bournemouth,United Kingdom,BOH
232,Bowen,Australia,ZBO
233,Bozeman (MT),USA,BZN
234,Bradford/Warren (PA) /Olean (NY),USA,BFD
235,Brainerd (MN),USA,BRD
236,Brampton Island,Australia,BMP
237,Brasilia - President Juscelino Kubitschek International,Brazil,BSB
238,Bratislava - M. R. Štefánik Airport,Slovakia,BTS
239,Brazzaville - Maya-Maya Airport,Congo (ROC),BZV
240,Bremen - Bremen Airport (Flughafen Bremen),Germany,BRE
241,"Brescia, Montichiari",Italy,VBS
242,Brest,France,BES
243,Bria,Central African Republic,BIV
244,Bridgeport (CT),USA,BDR
245,Bridgetown - Grantley Adams International,Barbados,BGI
246,Brindisi,Italy,BDS
247,Brisbane,Australia,BNE
248,Bristol,United Kingdom,BRS
249,Broennoeysund,Norway,BNN
250,Broken Hill,Australia,BHQ
251,Brookings (SD),USA,BKX
252,Broome,Australia,BME
253,Brunswick (GA),USA,BQK
254,Brussels - Brussels Airport,Belgium,BRU
255,Bucaramanga,Colombia,BGA
256,Bucharest,Romania,BUH
257,Bucharest - Henri Coandă International Airport,Romania,OTP
258,Budapest - Budapest Ferihegy International Airport,Hungary,BUD
259,Buenos Aires,Argentina,BUE
260,"Buenos Aires, Ezeiza International Airport",Argentina,EZE
261,"Buenos Aires, Jorge Newbery",Argentina,AEP
262,Buffalo Range,Zimbabwe,BFO
263,Buffalo/Niagara Falls (NY),USA,BUF
264,Bujumbura - Bujumbura International Airport,Burundi,BJM
265,Bulawayo,Zimbabwe,BUQ
266,Bullhead City (NV),USA,BHC
267,Bundaberg,Australia,BDB
268,Burbank (CA),USA,BUR
269,Burlington IA,USA,BRL
270,Burlington (VT),USA,BTV
271,Burnie (Wynyard),Australia,BWT
272,Butte (MT),USA,BTM
275,Cabinda,Angola,CAB
276,Cagliari,Italy,CAG
277,Cairns,Australia,CNS
278,Cairo - Cairo International Airport,Egypt,CAI
279,Calama - El Loa,Chile,CJC
280,Calcutta (Kolkata) - Netaji Subhas Chandra,India,CCU
281,Calgary - Calgary International Airport,Canada,YYC
282,Cali,Colombia,CLO
283,Calicut,India,CCJ
284,Calvi,France,CLY
285,Cambridge Bay,Canada,YCB
286,Cambrigde,United Kingdom,CBG
287,Campbeltown,United Kingdom,CAL
288,Campo Grande,Brazil,CGR
289,Canberra - Canberra Airport,Australia,CBR
290,Cancun,Mexico,CUN
291,Cannes – Mandelieu Airport,France,CEQ
292,Canouan (island) - Canouan Airport,Saint Vincent & the Grenadines,CIW
293,Cape Town - Cape Town International Airport,South Africa,CPT
294,Caracas - Simón Bolívar International Airport,Venezuela,CCS
295,Cardiff - Cardiff Airport,United Kingdom,CWL
296,Carlsbad (CA),USA,CLD
297,Carnarvon,Australia,CVQ
298,Carnot,Central African Republic,CRF
299,Carson City (NV),USA,CSN
300,Casablanca,Morocco,CAS
301,"Casablanca, Mohamed V",Morocco,CMN
302,Casa de Campo - La Romana International Airport,Dominican Republic,LRM
303,Casino,Australia,CSI
304,Casper (WY),USA,CPR
305,Castaway,Fiji,CST
306,Cartagena - Rafael Núñez International Airport,Colombia,CTG
307,Castries - George F. L. Charles Airport,Saint Lucia,SLU
308,Catania,Italy,CTA
309,Cayenne - Cayenne-Rochambeau Airport,French Guiana,CAY
310,Cottbus - Cottbus-Drewitz Airport,Germany,CBU
311,Cebu City - Mactan-Cebu International,Philippines,CEB
312,Cedar City (UT),USA,CDC
313,Cedar Rapids IA,USA,CID
314,Ceduna,Australia,CED
315,Cessnock,Australia,CES
316,Chabarovsk (Khabarovsk),Russia,KHV
317,Chambery,France,CMF
318,Champaign (IL),USA,CMI
319,Chandigarh - Chandigarh International Airport,India,IXC
320,Changchun,"Jilin, PR China",CGQ
321,Chania,Greece,CHQ
322,"Chaoyang, Beijing - Chaoyang Airport",PR China,CHG
323,Charleston (SC),USA,CHS
324,Charleston (WV) - Yeager Airport,USA,CRW
325,Charlotte (NC),USA,CLT
326,Charlottesville (VA),USA,CHO
327,Charters Towers,Australia,CXT
328,Chattanooga (TN),USA,CHA
329,Chengdu - Shuangliu,"Sichuan, PR China",CTU
330,Chennai (Madras),India,MAA
331,Cheyenne (WY) - Cheyenne Regional Airport,USA,CYS
332,Chiang Mai - Chiang Mai International Airport,Thailand,CNX
333,Chiba City,Japan,QCB
334,"Chicago (IL), Midway",USA,MDW
335,"Chicago (IL), O'Hare International Airport",USA,ORD
336,Chicago (IL),USA,CHI
337,Chichen Itza,Mexico,CZA
338,Chico (CA),USA,CIC
339,Chihuahua - Gen Fierro Villalobos,Mexico,CUU
340,Chios,Greece,JKH
341,Chipata,Zambia,CIP
342,Chisinau - Chişinău International Airport,Moldova,KIV
343,Chita (Tschita),Russia,HTA
344,Sapporo - New Chitose Airport,Japan,CTS
345,Chitral,Pakistan,CJL
346,Chittagong,Bangladesh,CGP
347,Chongqing - Jiangbei International Airport,"Sichuan, PR China",CKG
348,Christchurch,New Zealand,CHC
349,Chub Cay,Bahamas,CCZ
350,Churchill,Canada,YYQ
351,Cienfuegos - Jaime González Airport,Cuba,CFG
352,Cincinnati (OH) - Cincinnati/Northern Kentucky Int'l,USA,CVG
353,Ciudad Del Carmen,Mexico,CME
354,Ciudad Guayana,Venezuela,CGU
355,Ciudad Juarez,Mexico,CJS
356,Ciudad Obregon,Mexico,CEN
357,Ciudad Victoria,Mexico,CVM
358,Clarksburg (WV),USA,CKB
359,Clermont,Australia,CMQ
360,Clermont Ferrand,France,CFE
361,"Cleveland (OH) , Burke Lakefront",USA,BKL
362,Cleveland (OH) - Cleveland Hopkins International,USA,CLE
363,Cochabamba,Bolivia,CBB
364,Cochin,India,COK
365,Cody/Powell/Yellowstone (WY),USA,COD
366,Coffmann Cove (AK),USA,KCC
367,Coffs Harbour,Australia,CFS
368,Coimbatore,India,CJB
369,Colima,Mexico,CLQ
370,College Station/Bryan (TX),USA,CLL
371,Collinsville,Australia,KCE
372,Cologne - Cologne Airport (Flughafen Köln/Bonn),Germany,CGN
373,Colombo - Bandaranaike International Airport,Sri Lanka,CMB
374,Colorado Springs (CO),USA,COS
375,Columbia (SC) - Columbia Metropolitan Airport,USA,CAE
376,Columbus (GA),USA,CSG
377,Columbus (OH) - Port Columbus International,USA,CMH
378,Conakry - Conakry International Airport,Guinea,CKY
379,Concord (CA) - Buchanan Field,USA,CCR
380,Concord (NH) - Concord Municipal Airport,USA,CON
381,Constantine,Algeria,CZL
382,Constanta (Constanța) - Constanta Int'l Airport,Romania,CND
383,Coober Pedy,Australia,CPD
384,Cooktown,Australia,CTN
385,Cooma,Australia,OOM
386,Copenhagen - Copenhagen Airport,Denmark,CPH
387,Cordoba,Argentina,COR
388,Cordoba,Spain,ODB
389,Cordova (AK),USA,CDV
390,Corfu,Greece,CFU
391,Cork,Ireland,ORK
392,Corpus Christi (TX),USA,CRP
393,Cotonou - Cotonou Cadjehoun Airport,Benin,COO
394,Coventry - Baginton,United Kingdom,CVT
395,Cozmel,Mexico,CZM
396,Craig (AK),USA,CGA
397,Crescent City (CA),USA,CEC
398,Cuiaba - Marechal Rondon International Airport,Brazil,CGB
399,Culiacan,Mexico,CUL
400,Curacao - Curaçao International Airport,Netherlands Antilles,CUR
401,Curitiba - Afonso Pena International Airport,Brazil,CWB
402,Cuyo,Philippines,CYU
405,Dakar - Léopold Sédar Senghor International Airport,Senegal,DKR
406,Dalaman,Turkey,DLM
407,Dalby,Australia,DBY
408,Dalian - Zhoushuizi International Airport,"Liaoning, PR China",DLC
409,"Dallas (TX) , Love Field",USA,DAL
410,Dallas/Ft. Worth (TX) - Dallas/Fort Worth International,USA,DFW
411,Daloa,Cote d'Ivoire,DJO
412,"Damascus, International",Syria,DAM
413,"Dammam, King Fahad International",Saudi Arabien,DMM
414,Danville (VA),USA,DAN
415,Dar es Salam (Daressalam) - Julius Nyerere Int'l,Tanzania,DAR
416,Darwin,Australia,DRW
417,Daydream Island,Australia,DDI
418,Dayton (OH),USA,DAY
419,Daytona Beach (FL),USA,DAB
420,Decatur (IL),USA,DEC
421,Deer Lake/Corner Brook,Canada,YDF
422,Delhi - Indira Gandhi International Airport,India,DEL
423,Den Haag (The Hague),Netherlands,HAG
424,Denizli,Turkey,DNZ
425,Denpasar/Bali,Indonesia,DPS
426,Denver (CO) - Denver International Airport,USA,DEN
427,Dera Ismail Khan - Dera Ismail Khan Airport,Pakistan,DSK
428,Derby,Australia,DRB
429,Derry (Londonderry),United Kingdom,LDY
430,Des Moines (IA) - Des Moines International Airport,USA,DSM
431,"Detroit (MI) , Coleman A. Young Municipal",USA,DET
432,"Detroit (MI) , Wayne County Airport",USA,DTW
433,"Detroit (MI) , Metropolitan Area",USA,DTT
434,Devils Lake (ND),USA,DVL
435,Devonport,Australia,DPO
436,Dhahran,Saudi Arabia,DHA
437,Dhaka - Zia International Airport,Bangladesh,DAC
438,Dili - Nicolau Lobato International Airport,Timor Leste (East Timor),DIL
439,Dillingham (AK),USA,DLG
440,Dinard,France,DNR
441,Disneyland Paris,France,DLP
442,Djerba,Tunisia,DJE
443,Djibouti (city) - Djibouti-Ambouli International Airport,Djibouti,JIB
444,Dodoma - Dodoma Airport,Tanzania,DOD
445,Doha - Doha International Airport,Qatar,DOH
446,"Doncaster/Sheffield, Robin Hood International Airport",United Kingdom,DSA
447,Donegal (Carrickfin),Ireland,CFN
448,Dortmund,Germany,DTM
449,Dothan (AL),USA,DHN
450,Douala,Cameroon,DLA
451,Dresden - Dresden Airport,Germany,DRS
452,Dubai - Dubai International Airport,United Arab Emirates,DXB
453,Dubbo,Australia,DBO
454,Dublin - Dublin International Airport,Ireland,DUB
455,Dubois (PA),USA,DUJ
456,Dubrovnik,Croatia (Hrvatska),DBV
457,Dubuque IA,USA,DBQ
458,Duesseldorf - Düsseldorf International Airport,Germany,DUS
459,Duluth (MN) /Superior (WI),USA,DLH
460,Dundee,United Kingdom,DND
461,Dunedin,New Zealand,DUD
462,Dunk Island,Australia,DKI
463,Durango (CO),USA,DRO
464,Durban,South Africa,DUR
465,Dushanbe (Duschanbe) - Dushanbe Airport,Tajikistan,DYU
466,Dutch Harbor (AK),USA,DUT
467,Dysart,Australia,DYA
468,Dzaoudzi,Mayotte,DZA
471,East London,South Africa,ELS
472,Easter Island,Chile,IPC
473,Eau Clarie (WI),USA,EAU
474,Edinburgh - Edinburgh Airport,"Scotland, UK",EDI
475,Edmonton,Canada,YEA
476,"Edmonton, International",Canada,YEG
477,"Edmonton, Municipal",Canada,YXD
478,Egilsstadir,Iceland,EGS
479,Eindhoven,Netherlands,EIN
480,Samana - Samaná El Catey International Airport,Dominican Republic,AZS
481,"Elba Island, Marina Di Campo",Italy,EBA
482,Elat,Israel,ETH
483,"Elat, Ovula",Israel,VDA
484,Elkhart (IN),USA,EKI
485,Elko (NV),USA,EKO
486,Ellisras,South Africa,ELL
487,El Minya,Egypt,EMY
488,Elmira (NY),USA,ELM
489,El Paso (TX) - El Paso International Airport,USA,ELP
490,Ely (NV),USA,ELY
491,Emerald,Australia,EDR
492,Emerald,Australia,EMD
493,Enontekioe,Finland,ENF
494,Entebbe - Entebbe International Airport,Uganda,EBB
495,Erfurt - Erfurt Airport (Flughafen Erfurt),Germany,ERF
496,Erie (PA),USA,ERI
497,"Eriwan (Yerevan, Jerevan)",Armenia,EVN
498,Erzincan,Turkey,ERC
499,Erzurum,Turkey,ERZ
500,Esbjerg,Denmark,EBJ
501,Escanaba (MI),USA,ESC
502,Esperance,Australia,EPR
503,Eugene (OR),USA,EUG
504,Eureka (CA),USA,ACV
505,Evansville (IN),USA,EVV
506,Evenes,Norway,EVE
507,Exeter,United Kingdom,EXT
510,Fairbanks (AK),USA,FAI
511,Fair Isle (Shetland),United Kingdom,FIE
512,Faisalabad,Pakistan,LYP
513,Fargo (ND) (MN),USA,FAR
514,Farmington (NM),USA,FMN
515,Faro,Portugal,FAO
516,Faroer - Vágar Airport,Denmark,FAE
517,Fayetteville (AR),USA,FYV
518,Fayetteville/Ft. Bragg (NC),USA,FAY
519,Fes,Morocco,FEZ
520,Figari,France,FSC
521,Flagstaff (AZ),USA,FLG
522,Flin Flon,Canada,YFO
523,Flint (MI),USA,FNT
524,Florence (Firenze) - Peretola Airport,Italy,FLR
525,Florence (SC),USA,FLO
526,Florianopolis,Brazil,FLN
527,Floro,Norway,FRO
528,Fort Albert,Canada,YFA
529,Fortaleza - Pinto Martins Airport,Brazil,FOR
530,Fort de France - Martinique Aimé Césaire International,Martinique,FDF
531,Fort Dodge IA,USA,FOD
532,Fort Huachuca/Sierra Vista (AZ),USA,FHU
533,Fort Lauderdale/Hollywood (FL),USA,FLL
534,Fort McMurray,Canada,YMM
535,"Fort Myers, Metropolitan Area (FL)",USA,FMY
536,"Fort Myers, Southwest Florida Reg (FL)",USA,RSW
537,Fort Riley (KS) - Marshall AAF,USA,FRI
538,Fort Smith,Canada,YSM
539,Fort Smith (AR),USA,FSM
540,Fort St. John,Canada,YXJ
541,Fort Walton Beach (FL),USA,VPS
542,Fort Wayne (IN),USA,FWA
543,Fort Worth (TX) - Dallas/Fort Worth International Airport,USA,DFW
544,Foula (Shetland),United Kingdom,FOU
545,Francistown,Botswana,FRW
546,Frankfurt/Main - Frankfurt Airport (Rhein-Main-Flughafen),Germany,FRA
547,Frankfurt/Hahn,Germany,HHN
548,Franklin/Oil City (PA),USA,FKL
549,Fredericton,Canada,YFC
550,Freeport - Grand Bahama International Airport,Bahamas,FPO
551,Freetown - Freetown-Lungi International Airport,Sierra Leone,FNA
552,Frejus,France,FRJ
553,Fresno (CA),USA,FAT
554,Friedrichshafen - Bodensee-Airport Friedrichshafen,Germany,FDH
555,Fuerteventura,Spain,FUE
556,"Fujairah, International Airport",United Arab Emirates,FJR
557,Fukuoka,Japan,FUK
558,Fukushima - Fukushima Airport,Japan,FKS
559,Funchal,Portugal,FNC
560,Futuna,Wallis and Futuna Islands,FUT
563,Gaborone - Sir Seretse Khama International Airport,Botswana,GBE
564,Gadsden (AL),USA,GAD
565,Gainesville (FL),USA,GNV
566,Galway,Ireland,GWY
567,Gander,Canada,YQX
568,Garoua,Cameroon,GOU
569,Gaza City - Gaza International Airport,Palestinian Territory,GZA
570,Gaziantep,Turkey,GZT
571,Gdansk,Poland,GDN
572,Geelong,Australia,GEX
573,Geneva - Geneva-Cointrin International Airport,Switzerland,GVA
574,Genoa,Italy,GOA
575,George,South Africa,GRJ
576,Georgetown - Cheddi Jagan International Airport,Guyana,GEO
577,Geraldton,Australia,GET
578,Gerona,Spain,GRO
579,Ghent (Gent),Belgium,GNE
580,Gibraltar,Gibraltar,GIB
581,Gilette (WY),USA,GCC
582,Gilgit,Pakistan,GIL
583,Gillam,Canada,YGX
584,Gladstone,Australia,GLT
585,"Glasgow, Prestwick",United Kingdom,PIK
586,Glasgow,United Kingdom,GLA
587,Glasgow (MT),USA,GGW
588,Glendive (MT),USA,GDV
589,Goa,India,GOI
590,"Goiania, Santa Genoveva Airport",Brazil,GYN
591,Gold Coast,Australia,OOL
592,Goondiwindi,Australia,GOO
593,Goose Bay,Canada,YYR
594,Gorna,Bulgaria,GOZ
595,Gothenburg (Göteborg) - Landvetter,Sweden,GOT
596,Gove (Nhulunbuy),Australia,GOV
597,Govenors Harbour,Bahamas,GHB
598,Granada,Spain,GRX
599,Grand Bahama International,Bahamas,FPO
600,Grand Canyon (AZ),USA,GCN
601,Grand Cayman - Owen Roberts International,Cayman Islands,GCM
602,Grand Forks (ND),USA,GFK
603,Grand Junction (CO),USA,GJT
604,Grand Rapids (MI),USA,GRR
605,Grand Rapids (MN),USA,GPZ
606,Graz,Austria,GRZ
607,Great Falls (MT),USA,GTF
608,Great Keppel Island,Australia,GKL
609,Green Bay (WI),USA,GRB
610,Greenbrier/Lewisburg (WV),USA,LWB
611,Greensboro/Winston Salem (NC),USA,GSO
612,Greenville (MS),USA,GLH
613,Greenville (NC),USA,PGV
614,Greenville/Spartanburg (SC),USA,GSP
615,Grenada - Point Salines Airport also Maurice Bishop,Grenada,GND
616,Grenoble,France,GNB
617,Griffith,Australia,GFF
618,Groningen - Eelde,Netherlands,GRQ
619,Groote Eylandt - Alyangula,Australia,GTE
620,Groton/New London (CT),USA,GON
621,Guadalajara,Mexico,GDL
622,Guadalcanal,Solomon Islands,GSI
623,Guam,Guam,GUM
624,Guangzhou (Canton) - Baiyun International Airport,"Guangdong, PR China",CAN
625,Sao Paulo - Guarulhos International,Brazil,GRU
626,Guatemala City - La Aurora International Airport,Guatemala,GUA
627,Guayaquil - Simon Bolivar,Ecuador,GYE
628,Guernsey,Channel Islands,GCI
629,Guettin,Germany,GTI
630,Gulfport/Biloxi (MS),USA,GPT
631,Guilin - Liangjiang,"Guangxi, PR China",KWL
632,Gulu,Uganda,ULU
633,Gunnison/Crested Butte (CO),USA,GUC
634,Guwahati,India,GAU
635,Gwadar,Pakistan,GWD
636,Gweru,Zimbabwe,GWE
637,Gympie,Australia,GYP
640,Hachijo Jima,Japan,HAC
641,Hagåtña - Guam International Airport,Guam,GUM
642,Haifa,Israel,HFA
643,Haines (AK),USA,HNS
644,Hakodate,Japan,HKD
645,Halifax International,Canada,YHZ
646,Hall Beach,Canada,YUX
647,Hamburg - Fuhlsbuettel,Germany,HAM
648,Hamilton,Australia,HLT
649,Hamilton,Canada,YHM
650,Hamilton,New Zealand,HLZ
651,Hamilton Island,Australia,HTI
652,Hammerfest,Norway,HFT
653,Hancock (MI),USA,CMX
654,Hangchow (Hangzhou),"Zhejiang, PR China",HGH
655,Hannover,Germany,HAJ
656,Hanoi - Noi Bai International Airport,Vietnam,HAN
657,Harare - Harare International Airport,Zimbabwe,HRE
658,Harbin (Haerbin),"Heilongjiang, PR China",HRB
659,Harlingen/South Padre Island (TX),USA,HRL
660,"Harrington Harbour, PQ",Canada,YHR
661,Harrisburg (PA) - Harrisburg Skyport,USA,HAR
662,Harrisburg (PA) - Harrisburg International,USA,MDT
663,Hartford (CT) /Springfield (MA),USA,BDL
664,Hatyai (Hat Yai),Thailand,HDY
665,Haugesund,Norway,HAU
666,Havana - José Martí International,Cuba,HAV
667,Havre (MT),USA,HVR
668,Hayman Island,Australia,HIS
669,Helena (MT),USA,HLN
670,Helsingborg,Sweden,JHE
671,Helsinki - Vantaa,Finland,HEL
672,Heraklion,Greece,HER
673,Hermosillo - Gen. Pesqueira Garcia,Mexico,HMO
674,Hervey Bay,Australia,HVB
675,Hibbing (MN),USA,HIB
676,Hickory (NC),USA,HKY
677,Hilo (HI),USA,ITO
678,Hilton Head Island (SC),USA,HHH
679,Hinchinbrook Island,Australia,HNK
680,Hiroshima International,Japan,HIJ
681,Ho Chi Minh City (Saigon) - Tan Son Nhat International,Viet Nam,SGN
682,Hobart,Australia,HBA
683,Hof,Germany,HOQ
684,Holguin,Cuba,HOG
685,Home Hill,Australia,HMH
686,Homer (AK),USA,HOM
687,Hong Kong - International Airport (HKIA),Hong Kong,HKG
688,Hong Kong - Chek Lap Kok,Hong Kong,ZJK
689,Honiara Henderson International,Solomon Islands,HIR
690,Honolulu (HI) - Honolulu International Airport,USA,HNL
691,Hoonah (AK),USA,HNH
692,Horta,Portugal,HOR
693,"Houston (TX) , Hobby",USA,HOU
694,"Houston, TX - George Bush Intercontinental Airport",USA,IAH
695,Huahine,French Polynesia,HUH
696,Huatulco,Mexico,HUX
697,Hue - Phu Bai,Viet Nam,HUI
698,Humberside,United Kingdom,HUY
699,Huntington (WV),USA,HTS
700,Huntsville (AL),USA,HSV
701,Hurghada International,Egypt,HRG
702,Huron (SD),USA,HON
703,Hwange National Park,Zimbabwe,HWN
704,Hyannis (MA),USA,HYA
705,Hydaburg (AK),USA,HYG
706,Hyderabad - Rajiv Gandhi International Airport,India,HYD
707,Hyderabad,Pakistan,HDD
710,Ibiza,Ibiza/Spain,IBZ
711,Idaho Falls (ID),USA,IDA
712,"Iguazu, Cataratas",Argentina,IGR
713,Ile des Pins,New Caledonia,ILP
714,Ile Ouen,New Caledonia,IOU
715,Iliamna (AK),USA,ILI
716,Imperial (CA),USA,IPL
717,Incercargill,New Zealand,IVC
718,"Incheon, Incheon International Airport",Korea South,ICN
719,Indianapolis (IN) International,USA,IND
720,Ingham,Australia,IGH
721,Innisfail,Australia,IFL
722,Innsbruck - Kranebitten,Austria,INN
723,International Falls (MN),USA,INL
724,Inuvik,Canada,YEV
725,Invercargill,New Zealand,IVC
726,Inverness,United Kingdom,INV
727,Inykern (CA),USA,IYK
728,Iqaluit (Frobisher Bay),Canada,YFB
729,Iquitos,Peru,IQT
730,Irkutsk,Russia,IKT
731,Ishigaki - New Ishigaki Airport,Japan,ISG
732,Islamabad - Benazir Bhutto International Airport,Pakistan,ISB
733,Islay,United Kingdom,ILY
735,Istanbul - Istanbul Atatürk Airport,Turkey,IST
736,Istanbul - Sabiha Gokcen,Turkey,SAW
737,Ithaca/Cortland (NY),USA,ITH
738,Ivalo,Finland,IVL
739,Ixtapa/Zihuatenejo,Mexico,ZIH
740,Izmir,Turkey,IZM
741,Izmir - Adnan Menderes Airport,Turkey,ADB
744,Jackson Hole (WY),USA,JAC
745,Jackson (MI) - Reynolds Municipal,USA,JXN
746,"Jackson, MN",USA,MJQ
747,Jackson (MS) - Jackson Internationall,USA,JAN
748,Jackson (MS) - Hawkins Field,USA,HKS
749,Jackson (TN) - Mckellar,USA,MKL
750,Jackson Hole (WY),USA,JAC
751,Jacksonville (AR) Little Rock AFB,USA,LRF
752,Jacksonville (FL) - Cecil Field NAS,USA,NZC
753,Jacksonville (FL) Jacksonville NAS,USA,NIP
754,Jacksonville (FL) - International,USA,JAX
755,Jacksonville (FL) - Craig Municipal,USA,CRG
756,Jacksonville (IL) - Municipal Airport,USA,IJX
757,Jacksonville (NC),USA,OAJ
758,Jacksonville (TX),USA,JKV
759,Jacmel,Haiti,JAK
760,Jacobabad,Pakistan,JAG
761,Jacobina,Brazil,JCM
762,Jacquinot Bay,Papua New Guinea,JAQ
763,Jaffna - Kankesanturai,Sri Lanka,JAF
764,Jagdalpur,India,JGB
765,Jaipur - Sanganeer,India,JAI
766,Jaisalmer,India,JSA
767,Jakarta - Halim Perdana Kusuma,Indonesia,HLP
768,Jakarta - Metropolitan Area,Indonesia,JKT
769,Jakarta - Soekarno-Hatta International,Indonesia,CGK
770,Jalalabad,Afghanistan,JAA
771,Jalandhar,India,JLR
772,Jalapa,Mexico,JAL
773,Jales,Brazil,JLS
774,Jaluit Island,Marshall Islands,UIT
775,Jamba,Angola,JMB
776,Jambi - Sultan Taha Syarifudn,Indonesia,DJB
777,Jambol,Bulgaria,JAM
778,Jamestown (ND),USA,JMS
779,Jamestown (NY),USA,JHW
780,Jammu - Satwari,India,IXJ
781,Jamnagar - Govardhanpur,India,JGA
782,Jamshedpur - Sonari Airport,India,IXW
783,Janakpur,Nepal,JKR
784,Jandakot,Australia,JAD
785,Janesville (WI) - Rock County,USA,JVL
786,Januaria,Brazil,JNA
787,Jaque,Panama,JQE
788,Jatai,Brazil,JTI
789,Jauja,Peru,JAU
790,Jayapura - Sentani,Indonesia,DJJ
791,Jeddah - King Abdulaziz International,Saudi Arabia,JED
792,Jefferson City (MO) - Jefferson Memorial,USA,JEF
793,Jeremie - Jeremie Airport,Haiti,JEE
794,Jerez de la Frontera/Cadiz - La Parra,Spain,XRY
795,Jersey,Channel Islands,JER
796,Jerusalem - Atarot Airport (closed),Israel,JRS
797,Jessore - Jessore Airport,Bangladesh,JSR
798,Jeypore - Jeypore Airport,India,PYB
799,Ji'an,"Jiangxi, China",JGS
800,Jiamusi - Jiamusi Airport,PR China,JMU
801,Jiayuguan - Jiayuguan Airport,PR China,JGN
802,Jijel,Algeria,GJL
803,Jijiga,Ethiopia,JIJ
804,Jilin,PR China,JIL
805,Jimma,Ethiopia,JIM
806,Jinan,"Shandong, PR China",TNA
807,Jingdezhen,PR China,JDZ
808,Jinghong - Gasa Airport,PR China,JHG
809,Jining,PR China,JNG
810,Jinja,Uganda,JIN
811,Jinjiang,PR China,JJN
812,Jinka - Baco/Jinka Airport,Ethiopia,BCO
813,Jinzhou - Jinzhou Airport,PR China,JNZ
814,Jipijapa,Ecuador,JIP
815,Jiri,Nepal,JIR
816,Jiujiang - Jiujiang Lushan Airport,PR China,JIU
817,Jiwani,Pakistan,JIW
818,Joacaba,Brazil,JCB
819,Joao Pessoa - Castro Pinto Airport,Brazil,JPA
820,Jodhpur,India,JDH
821,Jönköping (Jonkoping) - Axamo Airport,Sweden,JKG
822,Joensuu,Finland,JOE
823,Johannesburg - OR Tambo International Airport,South Africa,JNB
824,Johnson City (NY) - Binghamton/Endicott/Johnson,USA,BGM
825,Johnston Island,USA,JON
826,Johnstown (PA),USA,JST
827,Johor Bahru - Sultan Ismail International,Malaysia,JHB
828,Joinville - Cubatao Airport,Brazil,JOI
829,Jolo,Philippines,JOL
830,Jomsom,Nepal,JMO
831,Jonesboro (AR) Jonesboro Airport,USA,JBR
832,Joplin (MO),USA,JLN
833,Jorhat - Rowriah Airport,India,JRH
834,Jos,Nigeria,JOS
835,Jose De San Martin,Argentina,JSM
836,Jouf,Saudi Arabia,AJF
837,Juanjui,Peru,JJI
838,Juba,South Sudan,JUB
839,Juist (island),Germany,JUI
840,Juiz De Fora - Francisco De Assis Airport,Brazil,JDF
841,Jujuy - El Cadillal Airport,Argentina,JUJ
842,Julia Creek,Australia,JCK
843,Juliaca,Peru,JUL
844,Jumla,Nepal,JUM
845,Jundah,Australia,JUN
846,Juneau (AK) - Juneau International Airport,USA,JNU
847,Junin,Argentina,JNI
848,Juticalpa,Honduras,JUT
849,Jwaneng,Botswana,JWA
850,Jyväskylä (Jyvaskyla),Finland,JYV
853,Kabul - Khwaja Rawash Airport,Afghanistan,KBL
854,Kagoshima,Japan,KOJ
855,Kahramanmaras,Turkey,KCM
856,Kahului (HI),USA,OGG
857,Kajaani,Finland,KAJ
858,Kalamata,Greece,KLX
859,Kalamazoo/Battle Creek (MI),USA,AZO
860,Kalgoorlie,Australia,KGI
861,Kaliningrad,Russia,KGD
862,Kalispell (MT),USA,FCA
863,Kalmar,Sweden,KLR
864,"Kamloops, BC",Canada,YKA
865,Kamuela (HI),USA,MUE
866,Kano,Nigeria,KAN
867,Kanpur,India,KNU
868,Kansas City (MO) - Kansas City International Airport,USA,MCI
869,Kaohsiung International,Taiwan,KHH
870,Kapalua West (HI),USA,JHM
871,Karachi - Jinnah International Airport,Pakistan,KHI
872,Karlsruhe-Baden - Soellingen,Germany,FKB
873,Karlstad,Sweden,KSD
874,Karpathos,Greece,AOK
875,Karratha,Australia,KTA
876,Kars,Turkey,KYS
877,Karumba,Australia,KRB
878,Karup,Denmark,KRP
879,"Kaschechawan, PQ",Canada,ZKE
880,Kassala,Sudan,KSL
881,Katherine,Australia,KTR
882,Kathmandu - Tribhuvan International Airport,Nepal,KTM
883,Katima Mulilo/Mpacha,Namibia,MPA
884,Kauhajoki,Finland,KHJ
885,Kaunakakai (HI),USA,MKK
886,Kavalla,Greece,KVA
887,Kayseri,Turkey,ASR
888,Kazan - Kazan International Airport,Russia,KZN
889,Keetmanshoop,Namibia,KMP
890,"Kelowna, BC",Canada,YLW
891,Kemi/Tornio,Finland,KEM
892,Kenai (AK),USA,ENA
893,Kent (Manston) Kent International,United Kingdom,MSE
894,Kerry County,Ireland,KIR
895,Ketchikan (AK),USA,KTN
896,Key West (FL),USA,EYW
897,Khamis Mushayat,Saudi Arabia,AHB
898,Kharga - New Valley,Egypt,UVL
899,Kharkov,Ukraine,HRK
900,Khartoum - Khartoum International Airport,Sudan,KRT
901,Khuzdar,Pakistan,KDD
902,Kiel - Holtenau,Germany,KEL
903,Kiev - Borispol,Ukraine,KBP
904,Kiev - Zhulhany,Ukraine,IEV
905,Kigali - Gregoire Kayibanda,Rwanda,KGL
906,Kilimadjaro,Tanzania,JRO
907,Killeem (TX),USA,ILE
908,Kimberley,South Africa,KIM
909,King Island,King Island (Australia),KNS
910,King Salomon (AK),USA,AKN
911,Kingscote,Australia,KGC
912,Kingston - Norman Manley,Jamaica,KIN
913,Kingston (NC),USA,ISO
914,Kingstown - E. T. Joshua Airport,Saint Vincent and the Grenadines,SVD
915,Kinshasa - N'Djili,Congo (DRC),FIH
916,Kiritimati (island) - Cassidy International Airport,Kiribati,CXI
917,Kirkenes,Norway,KKN
918,Kirkuk,Iraq,KIK
919,Kirkwall (Orkney),United Kingdom,KOI
920,Kiruna,Sweden,KRN
921,Kisangani,Congo (DRC),FKI
922,Kittilä,Finland,KTT
923,Kitwe,Zambia,KIW
924,Klagenfurt,Austria,KLU
925,Klamath Fall (OR),USA,LMT
926,Klawock (AK),USA,KLW
927,Kleinsee,South Africa,KLZ
928,Knock,Ireland,NOC
929,Knoxville (TN),USA,TYS
930,Kobe,Japan,UKB
931,Kochi,Japan,KCZ
932,"Köln, Köln/Bonn",Germany,CGN
933,Kodiak (AK),USA,ADQ
934,Kohat,Pakistan,OHT
935,Kokkola/Pietarsaari,Finland,KOK
936,Kolkata (Calcutta) - Netaji Subhas Chandra,India,CCU
937,Komatsu,Japan,KMQ
938,Kona (HI),USA,KOA
939,Konya,Turkey,KYA
940,Korhogo,Cote d'Ivoire,HGO
941,Kos,Greece,KGS
942,Kota Kinabalu,Malaysia,BKI
943,Kotzbue (AK),USA,OTZ
944,Kowanyama,Australia,KWM
945,Krakow (Cracow) - John Paul II International Airport,Poland,KRK
946,Kristiansand,Norway,KRS
947,Kristianstad,Sweden,KID
948,Kristiansund,Norway,KSU
949,Kuala Lumpur - International Airport,Malaysia,KUL
950,Kuala Lumpur - Sultan Abdul Aziz Shah,Malaysia,SZB
951,Kuantan,Malaysia,KUA
952,Kuching,Malaysia,KCH
953,Kumamoto,Japan,KMJ
954,Kununurra,Australia,KNX
955,Kuopio,Finland,KUO
956,Kushiro,Japan,KUH
957,Kuujjuaq (FortChimo),Canada,YVP
958,Kuujjuarapik,Canada,YGW
959,Kuusamo,Finland,KAO
960,Kuwait - Kuwait International,Kuwait,KWI
961,Kyoto,Japan,UKY
964,Labe,Guinea,LEK
965,Labouchere Bay (AK),USA,WLB
966,Labuan,Malaysia,LBU
967,"Lac Brochet, MB",Canada,XLB
968,La Coruna,Spain,LCG
969,La Crosse (WI),USA,LSE
970,Lae - Lae Nadzab Airport,Papua New Guinea,LAE
971,La Rochelle,France,LRH
972,Lafayette (IN),USA,LAF
973,"Lafayette, La",USA,LFT
974,Lagos - Murtala Muhammed Airport,Nigeria,LOS
975,La Grande,Canada,YGL
976,Lahore,Pakistan,LHE
977,Lake Charles (LA),USA,LCH
978,Lake Havasu City (AZ),USA,HII
979,Lake Tahoe (CA),USA,TVL
980,Lakselv,Norway,LKL
981,Lambarene,Gabon,LBQ
982,Lamezia Terme,Italy,SUF
983,Lampedusa,Italy,LMP
984,Lanai City (HI),USA,LNY
985,Lancaster (PA),USA,LNS
986,Land's End,United Kingdom,LEQ
987,Langkawi (islands),Malaysia,LGK
988,Lannion,France,LAI
989,Lanseria,South Africa,HLA
990,Lansing (MI),USA,LAN
991,La Paz - El Alto,Bolivia,LPB
992,La Paz - Leon,Mexico,LAP
993,Lappeenranta,Finland,LPP
994,Laramie (WY),USA,LAR
995,Laredo (TX),USA,LRD
996,Larnaca,Cyprus,LCA
997,Las Palmas,Spain,LPA
998,Las Vegas (NV),USA,LAS
999,Latrobe (PA),USA,LBE
1000,Launceston,Australia,LST
1001,Laurel/Hattisburg (MS),USA,PIB
1002,Laverton,Australia,LVO
1003,Lawton (OK),USA,LAW
1004,Lazaro Cardenas,Mexico,LZC
1005,Leaf Rapids,Canada,YLR
1006,Learmouth (Exmouth),Australia,LEA
1007,Lebanon (NH),USA,LEB
1008,Leeds/Bradford,United Kingdom,LBA
1009,Leinster,Australia,LER
1010,Leipzig,Germany,LEJ
1011,Lelystad,Netherlands,LEY
1012,Leon,Mexico,BJX
1013,Leonora,Australia,LNO
1014,Lerwick/Tingwall (Shetland Islands),United Kingdom,LWK
1015,Lewiston (ID),USA,LWS
1016,Lewistown (MT),USA,LWT
1017,Lexington (KY),USA,LEX
1018,Libreville,Gabon,LBV
1019,Lidkoeping,Sweden,LDK
1020,Liege,Belgium,LGG
1021,Lifou,"Loyaute, Pazifik",LIF
1022,Lihue (HI),USA,LIH
1023,Lille - Lille Airport,France,LIL
1024,Lilongwe - Lilongwe International,Malawi,LLW
1025,Lima - J Chavez International,Peru,LIM
1026,Limassol,Cyprus,QLI
1027,Limoges,France,LIG
1028,Lincoln (NE),USA,LNK
1029,Lindeman Island,Australia,LDC
1030,Linz - Hoersching,Austria,LNZ
1031,Lisala,Congo (DRC),LIQ
1032,Lisbon - Lisboa,Portugal,LIS
1033,Lismore,Australia,LSY
1034,Little Rock (AR),USA,LIT
1035,Liverpool,United Kingdom,LPL
1036,Lizard Island,Australia,LZR
1037,Ljubljana - Brnik,Slovenia,LJU
1038,Lockhart River,Australia,IRG
1039,Lome,Togo,LFW
1040,London,Canada,YXU
1041,London Metropolitan Area,United Kingdom,LON
1042,London - City Airport,United Kingdom,LCY
1043,London - Gatwick,United Kingdom,LGW
1044,London - Heathrow,United Kingdom,LHR
1045,London - Luton,United Kingdom,LTN
1046,London - Stansted,United Kingdom,STN
1047,Londonderry - Eglinton,United Kingdom,LDY
1048,Long Beach (CA),USA,LGB
1049,Long Island (AK),USA,LIJ
1050,"Long Island, Islip (NY) - Mac Arthur",USA,ISP
1051,Longreach,Australia,LRE
1052,Longview/Kilgore (TX),USA,GGG
1053,Longyearbyen - Svalbard,Svalbard/Norway,LYR
1054,Loreto,Mexico,LTO
1055,Lorient,France,LRT
1056,Los Angeles (CA) - International,USA,LAX
1057,Los Cabos,Mexico,SJD
1058,Los Mochis,Mexico,LMM
1059,Los Rodeos,Teneriffa/Spain,TFN
1060,Losinj - Losinj Arpt,Croatia (Hrvatska),LSZ
1061,Lourdes/Tarbes,France,LDE
1062,Louisville (KY),USA,SDF
1063,Luanda - 4 de Fevereiro,Angola,LAD
1064,Lubbock (TX),USA,LBB
1065,Lucknow,India,LKO
1066,Luederitz,Namibia,LUD
1067,Luga,Malta,MLA
1068,Lugano,Switzerland,LUG
1069,Lulea,Sweden,LLA
1070,Lumbumbashi,Congo (DRC),FBM
1071,Lusaka - Lusaka International Airport,Zambia,LUN
1072,Lusisiki,South Africa,LUJ
1073,Luxembourg,Luxembourg,LUX
1074,Luxi - Mangshi,"Yunnan, PR China",LUM
1075,Luxor,Egypt,LXR
1076,"Lvov (Lwow, Lemberg)",Ukraine,LWO
1077,Lydd - Lydd International Airport,United Kingdom,LYX
1078,Lynchburg (VA),USA,LYH
1079,Lyon - Lyon-Saint Exupéry Airport,France,LYS
1080,Lyons (KS) - Rice County Municipal,USA,LYO
1083,Maastricht/Aachen,Netherlands,MST
1084,Macapa - Alberto Alcolumbre International Airport,Brazil,MCP
1085,Macau - Macau International Airport,"Macau, China SAR",MFM
1086,Maceio - Zumbi dos Palmares International Airport,Brazil,MCZ
1087,Mackay,Australia,MKY
1088,Macon (GA),USA,MCN
1089,Mactan Island - Nab,Philippines,NOP
1090,Madinah (Medina) - Mohammad Bin Abdulaziz,Saudi Arabia,MED
1091,Madison (WI) - Dane County Regional Airport,USA,MSN
1092,Madras (Chennai) - Chennai International Airport,India,MAA
1093,Madrid - Barajas Airport,Spain,MAD
1094,Mahe - Seychelles International,Seychelles,SEZ
1095,Mahon,Spain,MAH
1096,Maitland,Australia,MTL
1097,Majunga,Madagascar,MJN
1098,Makung,Taiwan,MZG
1099,Malabo - Malabo International Airport,Equatorial Guinea,SSG
1100,Malaga,Spain,AGP
1101,Malatya,Turkey,MLX
1102,Male - Velana International Airport,Maledives,MLE
1103,Malindi,Kenya,MYD
1104,Malmo (Malmoe),Sweden,MMA
1105,Malmo (Malmö) - Malmö Airport,Sweden,MMX
1106,Man,Cote d'Ivoire,MJC
1107,Managua - Augusto C Sandino,Nicaragua,MGA
1108,Manaus - Eduardo Gomes International Airport,Brazil,MAO
1109,Manchester,United Kingdom,MAN
1110,Manchester (NH),USA,MHT
1111,Mandalay - Mandalay-Annisaton Airport,Myanmar,MDL
1112,Manguna,Papua New Guinea,MFO
1113,Manihi,French Polynesia,XMH
1114,Manila - Ninoy Aquino International,Philippines,MNL
1115,Manzanillo,Mexico,ZLO
1116,Manzini - Matsapha International,Swaziland,MTS
1117,Maputo - Maputo International,Mozambique,MPM
1118,Mar del Plata,Argentina,MDQ
1119,Maracaibo - La Chinita International,Venezuela,MAR
1120,Maradi,Niger,MFQ
1121,Maras,Turkey,KCM
1122,Marathon (FL),USA,MTH
1123,Mardin,Turkey,MQM
1124,Mare,New Caledonia,MEE
1125,Margate,South Africa,MGH
1126,Margerita,Venezuela,PMV
1127,Maribor,Slovenia,MBX
1128,Mariehamn (Maarianhamina),Finland,MHQ
1129,Maroua,Cameroon,MVR
1130,Marquette (MI),USA,MQT
1131,Marrakesh - Menara Airport,Morocco,RAK
1132,Marsa Alam,Egypt,RMF
1133,Marsa Matrah (Marsa Matruh),Egypt,MUH
1134,Marseille - Marseille Provence Airport,France,MRS
1135,Marsh Harbour,Bahamas,MHH
1136,Martha's Vineyard (MA),USA,MVY
1137,Martinsburg (WV),USA,MRB
1138,Maryborough,Australia,MBH
1139,Maseru - Moshoeshoe International,Lesotho,MSU
1140,Mason City IA,USA,MCW
1141,Masvingo,Zimbabwe,MVZ
1142,"Matsumoto, Nagano",Japan,MMJ
1143,Matsuyama,Japan,MYJ
1144,Mattoon (IL),USA,MTO
1145,Maun,Botswana,MUB
1146,Maupiti,French Polynesia,MAU
1147,Mauritius - S.Seewoosagur Ram International,Mauritius,MRU
1148,Mayaguez,Puerto Rico,MAZ
1149,Mazatlan,Mexico,MZT
1150,McAllen (TX),USA,MFE
1151,Medan - Polania Int'l (now Soewondo AFB),Indonesia,MES
1152,Medan - Kualanamu International,Indonesia,KNO
1153,Medellin - José María Córdova International,Colombia,MDE
1154,Medford (OR),USA,MFR
1155,Medina,Saudi Arabia,MED
1156,Meekatharra,Australia,MKR
1157,Melbourne - Melbourne Airport (Tullamarine),Australia,MEL
1158,Melbourne (FL),USA,MLB
1159,Melville Hall,Dominica,DOM
1160,Memphis (TN),USA,MEM
1161,Mendoza,Argentina,MDZ
1162,Manado,Indonesia,MDC
1163,Merced (CA),USA,MCE
1164,Merida,Mexico,MID
1165,Meridian (MS),USA,MEI
1166,Merimbula,Australia,MIM
1167,Messina,South Africa,MEZ
1168,Metlakatla (AK),USA,MTM
1169,Metz - Frescaty,France,MZM
1170,Metz/Nancy Metz-Nancy-Lorraine,France,ETZ
1171,Mexicali,Mexico,MXL
1172,Mexico City - Mexico City International Airport,Mexico,MEX
1173,Mexico City - Atizapan,Mexico,AZP
1174,Mexico City - Juarez International,Mexico,MEX
1175,Mexico City - Santa Lucia,Mexico,NLU
1176,Mfuwe,Zambia,MFU
1177,Miami (FL),USA,MIA
1178,Mianwali,Pakistan,MWD
1179,Middlemount,Australia,MMM
1180,Midland/Odessa (TX),USA,MAF
1181,Midway Island - Sand Island Field,US Minor Outlying Islands,MDY
1182,Mikkeli,Finland,MIK
1183,Milan,Italy,MIL
1184,Milan - Linate,Italy,LIN
1185,Milan - Malpensa,Italy,MXP
1186,Milan - Orio Al Serio,Italy,BGY
1187,Mildura,Australia,MQL
1188,Miles City (MT),USA,MLS
1189,Milford Sound,New Zealand,MFN
1190,Milwaukee (WI),USA,MKE
1191,Minatitlan,Mexico,MTT
1192,Mineralnye Vody,Russia,MRV
1193,Minneapolis - St. Paul International Airport (MN),USA,MSP
1194,Minot (ND),USA,MOT
1195,"Minsk, International",Belarus,MSQ
1196,Miri,Malaysia,MYY
1197,Mirpur,Pakistan,QML
1198,Missula (MT),USA,MSO
1199,Mitchell (SD),USA,MHE
1200,Miyako Jima (Ryuku Islands) - Hirara,Japan,MMY
1201,Miyazaki,Japan,KMI
1202,Mkambati,South Africa,MBM
1203,Moanda,Gabon,MFF
1204,Mobile (AL) - Pascagoula (MS),USA,MOB
1205,Modesto (CA),USA,MOD
1206,Moenjodaro,Pakistan,MJD
1207,Mogadishu,Somalia,MGQ
1208,Mokuti,Namibia,OKU
1209,Moline/Quad Cities (IL),USA,MLI
1210,Mombasa - Moi International,Kenya,MBA
1211,Monastir,Tunisia,MIR
1212,Moncton,Canada,YQM
1213,Monroe (LA),USA,MLU
1214,Monrovia - Metropolitan Area,Liberia,MLW
1215,Monrovia - Roberts International,Liberia,ROB
1216,Montego Bay - Sangster International,Jamaica,MBJ
1217,Montenegro,Brazil,QGF
1218,Monterey (CA),USA,MRY
1219,Monterrey - Gen. Mariano Escobedo,Mexico,MTY
1220,Monterrey - Aeropuerto Del Norte,Mexico,NTR
1221,Montevideo - Carrasco International Airport,Uruguay,MVD
1222,Montgomery (AL) - Montgomery Regional Airport,USA,MGM
1223,Montpellier - Montpellier–Méditerranée Airport,France,MPL
1224,Montreal,Canada,YMQ
1225,Montreal - Dorval (Montréal-Trudeau),Canada,YUL
1226,Montreal - Mirabel,Canada,YMX
1227,Montrose/Tellruide (CO),USA,MTJ
1228,Moorea,French Polynesia,MOZ
1229,Moranbah,Australia,MOV
1230,Moree,Australia,MRZ
1231,Morelia,Mexico,MLM
1232,Morgantown (WV),USA,MGW
1233,"Morioka, Hanamaki",Japan,HNA
1234,Moroni - Prince Said Ibrahim,Comoros (Comores),HAH
1235,Moruya,Australia,MYA
1236,Moscow - Metropolitan Area,Russia,MOW
1237,Moscow - Domodedovo,Russia,DME
1238,Moscow - Sheremetyevo,Russia,SVO
1239,Moscow - Vnukovo,Russia,VKO
1240,Moses Lake (WA),USA,MWH
1241,Mossel Bay,South Africa,MZY
1242,Mostar,Bosnia and Herzegovina,OMO
1243,Mosul,Iraq,OSM
1244,Mouila,Gabon,MJL
1245,Moundou,Chad,MQQ
1246,Mount Cook,New Zealand,GTN
1247,Mount Gambier,Australia,MGB
1248,Mount Magnet,Australia,MMG
1249,Mt. Isa,Australia,ISA
1250,Mt. McKinley (AK),USA,MCL
1251,Muenchen (Munich) - Franz Josef Strauss,Germany,MUC
1252,Muenster/Osnabrueck,Germany,FMO
1253,Mulhouse,France,MLH
1254,Multan,Pakistan,MUX
1255,Murcia,Spain,MJV
1256,Murmansk,Russia,MMK
1257,Mus,Turkey,MSR
1258,Muscat - Seeb,Oman,MCT
1259,Muscle Shoals (AL),USA,MSL
1260,Muskegon (MI),USA,MKG
1261,Muzaffarabad,Pakistan,MFG
1262,Mvengue,Gabon,MVB
1263,Mykonos,Greece,JMK
1264,Myrtle Beach (SC) - Myrtle Beach AFB,USA,MYR
1265,Myrtle Beach (SC) - Grand Strand Airport,USA,CRE
1266,Mysore,India,MYQ
1267,Mytilene (Lesbos),Greece,MJT
1268,Mzamba,South Africa,MZF
1271,Nadi,Fiji,NAN
1272,Nagasaki,Japan,NGS
1273,Nagoya - Komaki AFB,Japan,NGO
1274,Nagpur,India,NAG
1275,Nairobi,Kenya,NBO
1276,Nakhichevan,Azerbaijan,NAJ
1277,Nakhon Si Thammarat,Thailand,NST
1278,Nancy,France,ENC
1279,Nanisivik,Canada,YSR
1280,Nanning,"Guangxi, PR China",NNG
1281,Nantes - Nantes Atlantique Airport,France,NTE
1282,Nantucket (MA),USA,ACK
1283,Naples - Naples Capodichino Airport,Italy,NAP
1284,Naples (FL),USA,APF
1285,Narrabri,Australia,NAA
1286,Narrandera,Australia,NRA
1287,Narsarsuaq,Greenland,UAK
1288,Nashville (TN),USA,BNA
1289,Nassau,Bahamas,NAS
1290,Natal - Augusto Severo International Airport,Brazil,NAT
1291,Nausori,Fiji/Suva,SUV
1292,Nawab Shah,Pakistan,WNS
1293,Naxos - Naxos Airport,Greece,JNX
1294,N'Djamena,Chad,NDJ
1295,N'Dola,Zambia,NLA
1296,Nelson,New Zealand,NSN
1297,Nelspruit,South Africa,NLP
1298,Nelspruit - Kruger Mpumalanga International Airport,South Africa,MQP
1299,Nevis,St. Kitts and Nevis,NEV
1300,New Bern (NC),USA,EWN
1301,New Haven (CT),USA,HVN
1302,"New Orleans, La",USA,MSY
1303,Newquay,United Kingdom,NQY
1304,New Valley - Kharga,Egypt,UVL
1305,New York - John F. Kennedy (NY),USA,JFK
1306,New York - LaGuardia (NY),USA,LGA
1307,New York - Newark (NJ),USA,EWR
1308,New York (NY),USA,NYC
1309,Newburgh (NY),USA,SWF
1310,Newcastle - Belmont,Australia,BEO
1311,Newcastle - Williamtown,Australia,NTL
1312,Newcastle,United Kingdom,NCL
1313,Newcastle,South Africa,NCS
1314,Newman,Australia,ZNE
1315,Newport News/Williamsburg (VA),USA,PHF
1316,N'Gaoundere,Cameroon,NGE
1317,Niagara Falls International,USA,IAG
1318,Niamey,Niger,NIM
1319,Nice - Cote D'Azur Airport,France,NCE
1320,Nicosia,Cyprus,NIC
1321,Nikolaev,Ukraine,NLV
1322,Niigata,Japan,KIJ
1323,Nimes,France,FNI
1324,Nis,Serbia,INI
1325,Nizhny Novgorod - Strigino International Airport,Russia,GOJ
1326,Nome (AK),USA,OME
1327,Noosa,Australia,NSA
1328,Norfolk Island,Australia,NLK
1329,Norfolk/Virginia Beach (VA),USA,ORF
1330,Norman Wells,Canada,YVQ
1331,Norrkoeping,Sweden,NRK
1332,North Bend (OR),USA,OTH
1333,North Eleuthera,Bahamas,ELH
1334,Norwich,United Kingdom,NWI
1335,Nottingham - East Midlands,United Kingdom,EMA
1336,Nouadhibou,Mauritania,NDB
1337,Nouakchott,Mauritania,NKC
1338,Noumea,New Caledonia,NOU
1339,Novi Sad,Serbia,QND
1340,Novosibirsk - Tolmachevo Airport,Russia,OVB
1341,Nürnberg (Nuremberg),Germany,NUE
1342,Nuevo Laredo,Mexico,NLD
1343,Nuku'alofa - Fua'Amotu International,Tonga,TBU
1346,Oakland (CA),USA,OAK
1347,Oaxaca - Xoxocotlan,Mexico,OAX
1348,Odense,Denmark,ODE
1349,Odessa,Ukraine,ODS
1350,Oerebro,Sweden,ORB
1351,Ohrid,Macedonia,OHD
1352,Oita,Japan,OIT
1353,Okayama,Japan,OKJ
1354,"Okinawa, Ryukyo Island - Naha",Japan,OKA
1355,Oklahoma City (OK) - Will Rogers World,USA,OKC
1356,Olbia,Italy,OLB
1357,Olympic Dam,Australia,OLP
1358,Omaha (NE),USA,OMA
1359,Ondangwa,Namibia,OND
1360,Ontario (CA),USA,ONT
1361,Oran (Ouahran),Algeria,ORN
1362,Orange,Australia,OAG
1363,Orange County (Santa Ana) (CA),USA,SNA
1364,Oranjemund,Namibia,OMD
1365,Oranjestad - Reina Beatrix International,Aruba,AUA
1366,Orkney - Kirkwall,United Kingdom,KOI
1367,Orlando Metropolitan Area (FL),USA,ORL
1368,Orlando - International Airport (FL),USA,MCO
1369,Orpheus Island,Australia,ORS
1370,"Osaka, Metropolitan Area",Japan,OSA
1371,Osaka - Itami,Japan,ITM
1372,Osaka - Kansai International Airport,Japan,KIX
1373,Oshkosh (WI),USA,OSH
1374,Osijek,Croatia (Hrvatska),OSI
1375,"Oslo - Oslo Airport, Gardermoen",Norway,OSL
1376,Oslo - Fornebu,Norway,FBU
1377,Oslo - Sandefjord,Norway,TRF
1378,Ottawa - Hull,Canada,YOW
1379,Ouadda,Central African Republic,ODA
1380,Ouarzazate,Morocco,OZZ
1381,Oudtshoorn,South Africa,OUH
1382,Ouagadougou,Burkina Faso,OUA
1383,Oujda,Morocco,OUD
1384,Oulu,Finland,OUL
1385,Out Skerries (Shetland),United Kingdom,OUK
1386,Oviedo,Spain,OVD
1387,Owensboro (KY),USA,OWB
1388,Oxnard (CA),USA,OXR
1389,Oyem,Gabon/Loyautte,UVE
1392,Paderborn/Lippstadt,Germany,PAD
1393,Paducah (KY),USA,PAH
1394,Page/Lake Powell (AZ),USA,PGA
1395,Pago Pago,American Samoa,PPG
1396,Pakersburg (WV) /Marietta (OH),USA,PKB
1397,Palermo - Punta Raisi,Italy,PMO
1398,Palma de Mallorca,Spain,PMI
1399,Palmas,Brazil,PMW
1400,Palmdale/Lancaster (CA),USA,PMD
1401,Palmerston North,New Zealand,PMR
1402,Palm Springs (CA),USA,PSP
1403,Panama City - Tocumen International,Panama,PTY
1404,Panama City (FL),USA,PFN
1405,Panjgur,Pakistan,PJG
1406,Pantelleria,Italy,PNL
1407,Papeete - Faaa,French Polynesia (Tahiti),PPT
1408,Paphos,Cyprus,PFO
1409,Paraburdoo,Australia,PBO
1410,Paramaribo - Zanderij International,Suriname,PBM
1411,Paris,France,PAR
1412,Paris - Charles de Gaulle,France,CDG
1413,Paris - Le Bourget,France,LBG
1414,Paris - Orly,France,ORY
1415,Paro,Bhutan,PBH
1416,Pasco (WA),USA,PSC
1417,Pasni,Pakistan,PSI
1418,Patna,India,PAT
1419,Pattaya,Thailand,PYX
1420,Pau,France,PUF
1421,Pellston (MI),USA,PLN
1422,Penang International,Malaysia,PEN
1423,Pendelton (OR),USA,PDT
1424,Pensacola (FL),USA,PNS
1425,Peoria/Bloomington (IL),USA,PIA
1426,Pereira,Colombia,PEI
1427,Perpignan,France,PGF
1428,Perth International,Australia,PER
1429,Perugia,Italy,PEG
1430,Pescara,Italy,PSR
1431,Peshawar,Pakistan,PEW
1432,Petersburg (AK),USA,PSG
1433,Phalaborwa,South Africa,PHW
1434,Philadelphia (PA) - International,USA,PHL
1435,Phnom Penh - Pochentong,Cambodia,PNH
1436,Phoenix (AZ) - Sky Harbor International,USA,PHX
1437,Phuket,Thailand,HKT
1438,Pierre (SD),USA,PIR
1439,Pietermaritzburg,South Africa,PZB
1440,Pietersburg,South Africa,PTG
1441,Pilanesberg/Sun City,South Africa,NTY
1442,Pisa - Galileo Galilei,Italy,PSA
1443,Pittsburgh International Airport (PA),USA,PIT
1444,Plattsburgh (NY),USA,PLB
1445,Plettenberg Bay,South Africa,PBZ
1446,Pocatello (ID),USA,PIH
1447,Podgorica,Montenegro,TGD
1448,Pohnpei,Micronesia,PNI
1449,Pointe a Pitre,Guadeloupe,PTP
1450,Pointe Noire,Congo (ROC),PNR
1451,Poitiers - Biard,France,PIS
1452,Ponce,Puerto Rico,PSE
1453,Ponta Delgada,Portugal,PDL
1454,Pori,Finland,POR
1455,Port Angeles (WA),USA,CLM
1456,Port au Prince,Haiti,PAP
1457,Port Augusta,Australia,PUG
1458,Port Elizabeth,South Africa,PLZ
1459,Port Gentil,Gabon,POG
1460,Port Harcourt,Nigeria,PHC
1461,Port Hedland,Australia,PHE
1462,Portland,Australia,PTJ
1463,Portland (ME),USA,PWM
1464,Portland International (OR),USA,PDX
1465,Port Lincoln,Australia,PLO
1466,Port Macquarie,Australia,PQQ
1467,"Port Menier, PQ",Canada,YPN
1468,Port Moresby - Jackson Field,Papua New Guinea,POM
1469,Porto,Portugal,OPO
1470,Porto Alegre - Salgado Filho International Airport,Brazil,POA
1471,Port of Spain - Piarco International,Trinidad and Tobago,POS
1472,Port Said,Egypt,PSD
1473,Porto Santo,Portugal,PXO
1474,Porto Velho,Brazil,PVH
1475,Port Vila,Vanuatu,VLI
1476,Poughkeepsie (NY),USA,POU
1477,"Poznan, Lawica",Poland,POZ
1478,Prague - Václav Havel Airport (formerly Ruzyne),Czech Republic,PRG
1479,Praia - Nelson Mandela International Airport,Cape Verde,RAI
1480,Presque Island (ME),USA,PQI
1481,Pretoria - Wonderboom Apt.,South Africa,PRY
1482,Preveza/Lefkas,Greece,PVK
1483,Prince George,Canada,YXS
1484,Prince Rupert/Digby Island,Canada,YPR
1485,Pristina,Serbia,PRN
1486,Prosperpine,Australia,PPP
1487,Providence (RI),USA,PVD
1488,Prudhoe Bay (AK),USA,SCC
1489,Puebla,Mexico,PBC
1490,Pueblo (CO),USA,PUB
1491,Puerto Escondido,Mexico,PXM
1492,Puerto Ordaz,Venezuela,PZO
1493,Puerto Plata,Dominican Republic,POP
1494,Puerto Vallarta,Mexico,PVR
1495,Pukatawagan,Canada,XPK
1496,Pula,Croatia (Hrvatska),PUY
1497,Pullman (WA),USA,PUW
1498,Pune,"India, Maharashtra",PNQ
1499,Punta Arenas - Presidente Carlos Ibáñez del Campo,Chile,PUQ
1500,Punta Cana - Punta Cana International,Dominican Republic,PUJ
1501,Pu San (Busan) - Gimhae International Airport,South Korea,PUS
1502,Pyongyang - Sunan International Airport,North Korea,FNJ
1505,Quebec - Quebec International,Canada,YQB
1506,Queenstown,Australia,UEE
1507,Queenstown,New Zealand,ZQN
1508,Quetta,Pakistan,UET
1509,Qingdao,"Shandong, PR China",TAO
1510,Quimper,France,UIP
1511,Quincy (IL),USA,UIN
1512,Quito - Mariscal Sucre International Airport,Ecuador,UIO
1515,Rabat - Rabat-Salé Airport,Morocco,RBA
1516,Rahim Yar Khan - Shaikh Zayed International Airport,Pakistan,RYK
1517,Raiatea,French Polynesia,RFP
1518,"Rainbow Lake, AB",Canada,YOP
1519,Rajkot,India,RAJ
1520,Raleigh/Durham (NC),USA,RDU
1521,Ranchi,India,IXR
1522,Rangiroa,French Polynesia,RGI
1523,Rangoon (Yangon) - Mingaladon,Myanmar,RGN
1524,Rapid City (SD),USA,RAP
1525,Rarotonga,Cook Island,RAR
1526,Ras al Khaymah (Ras al Khaimah),United Arab Emirates,RKT
1527,Rawala Kot,Pakistan,RAZ
1528,Rawalpindi,Pakistan,RWP
1529,Reading (PA),USA,RDG
1530,Recife - Guararapes-Gilberto Freyre International,Brazil,REC
1531,Redding (CA),USA,RDD
1532,Redmond (OR),USA,RDM
1533,Reggio Calabria,Italy,REG
1534,Regina,Canada,YQR
1535,Reina Sofia,Teneriffa/Spain,TFS
1536,Rennes,France,RNS
1537,Reno (NV),USA,RNO
1538,Resolute Bay,Canada,YRB
1539,Reus,Spain,REU
1540,Reykjavik - Metropolitan Area,Iceland,REK
1541,Reykjavik - Keflavik International,Iceland,KEF
1542,Rhinelander (WI),USA,RHI
1543,Rhodos,Greece,RHO
1544,Richards Bay,South Africa,RCB
1545,Richmond (VA),USA,RIC
1546,Riga,Latvia,RIX
1547,Rijeka,Croatia (Hrvatska),RJK
1548,Rimini,Italy,RMI
1549,Rio Branco - Plácido de Castro International Airport,Brazil,RBR
1550,Rio de Janeiro - Galeao,Brazil,GIG
1551,Rio de Janeiro - Santos Dumont,Brazil,SDU
1552,Rio de Janeiro,Brazil,RIO
1553,Riyadh - King Khaled International,Saudi Arabia,RUH
1554,Roanne,France,RNE
1555,Roanoke (VA),USA,ROA
1556,Roatan,Honduras,RTB
1557,Rochester (MN),USA,RST
1558,Rochester (NY),USA,ROC
1559,Rock Sound,Bahamas,RSD
1560,Rock Springs (WY),USA,RKS
1561,Rockford (IL),USA,RFD
1562,Rockhampton,Australia,ROK
1563,Rockland (ME),USA,RKD
1564,Rocky Mount - Wilson (NC),USA,RWI
1565,Rodez,France,RDZ
1566,Rodrigues Island,Mauritius,RRG
1567,Roenne,Denmark,RNN
1568,Rome,Italy,ROM
1569,Rome - Ciampino,Italy,CIA
1570,Rome - Fuimicino,Italy,FCO
1571,Ronneby,Sweden,RNB
1572,Rosario,Argentina,ROS
1573,Rostov-on-Don - Rostov-on-Don Airport,Russia,RVI
1574,Rostov-on-Don - Platov International Airport,Russia,ROV
1575,Rotorua,New Zealand,ROT
1576,Rotterdam,Netherlands,RTM
1577,Rovaniemi,Finland,RVN
1578,Rundu,Namibia,NDU
1579,Ruse,Bulgaria,ROU
1582,Saarbruecken,Germany,SCN
1583,Sacramento (CA),USA,SMF
1584,Sado Shima,Japan,SDS
1585,Saginaw/Bay City/Midland (MI),USA,MBS
1586,Saidu Sharif,Pakistan,SDT
1587,Saigon (Ho Chi Minh City) - Tan Son Nhat International,Viet Nam,SGN
1588,Saint Brieuc,France,SBK
1589,Saint Denis - Roland Garros Airport,Reunion,RUN
1590,Saint John,Canada,YSJ
1591,Saipan,Northern Mariana Islands,SPN
1592,Sal,Cape Verde,SID
1593,Salalah,Oman,SLL
1594,Salem (OR),USA,SLE
1595,Salinas (CA),USA,SNS
1596,Salinas,Ecuador,SNC
1597,Salisbury,Zimbabwe,SAY
1598,Salisbury (MD),USA,SBY
1599,Saloniki,Greece,SKG
1600,"Salta, Gen Belgrano",Argentina,SLA
1601,Salt Lake City (UT),USA,SLC
1602,Salvador - Salvador International Airport,Brazil,SSA
1603,Salzburg - W.A. Mozart,Austria,SZG
1604,Samara - Kurumoch International Airport,Russia,KUF
1605,Samarkand - Samarkand International Airport,Uzbekistan,SKD
1606,Samos,Greece,SMI
1607,Samsun,Turkey,SZF
1608,San Andres,Colombia,ADZ
1609,San Angelo (TX),USA,SJT
1610,San Antonio (TX),USA,SAT
1611,San Carlos de Bariloche,Argentina,BRC
1612,San Diego - Lindberg Field International (CA),USA,SAN
1613,"San Francisco - International Airport, SA",USA,SFO
1614,San Jose Cabo,Mexico,SJD
1615,San Jose,Costa Rica,SJO
1616,San Jose (CA),USA,SJC
1617,San Juan - Luis Munoz Marin International Airport,Puerto Rico,SJU
1618,San Luis Obisco (CA),USA,SBP
1619,San Luis Potosi,Mexico,SLP
1620,San Pedro,Cote d'Ivoire,SPY
1621,San Pedro Sula,Honduras,SAP
1622,San Salvador,Bahamas,ZSA
1623,San Salvador,El Salvador,SAL
1624,San Sebastian,Spain,EAS
1625,Sanaa (Sana'a) - Sana'a International,Yemen,SAH
1626,Sandspit,Canada,YZP
1627,Santa Ana - John Wayne Airport (CA),USA,SNA
1628,Santa Barbara (CA),USA,SBA
1629,Santa Cruz de la Palma,Spain,SPC
1630,Santa Cruz de la Sierra,Bolivia,SRZ
1631,Santa Katarina - Mount Sinai,Egypt,SKV
1632,Santa Maria,Portugal,SMA
1633,Santa Maria (CA),USA,SMX
1634,Santander,Spain,SDR
1635,Santa Rosa (CA),USA,STS
1636,Santa Rosa,Bolivia,SRB
1637,Santa Rosa,Brazil,SRA
1638,Santa Rosa,Argentina,RSA
1639,"Santa Rosa, Copan",Honduras,SDH
1640,Santa Rosalia,Colombia,SSL
1641,Santa Rosalia,Mexico,SRL
1642,Santiago - Antonio Maceo Airport,Cuba,SCU
1643,Santiago de Chile - Arturo Merino Benitez,Chile,SCL
1644,Santiago de Compostela,Spain,SCQ
1645,Santo,Vanuatu,SON
1646,Santo Domingo,Dominican Republic,SDQ
1647,Sao Luis - Marechal Cunha Machado International,Brazil,SLZ
1648,Sao Paulo,Brazil,SAO
1649,Sao Paulo - Congonhas,Brazil,CGH
1650,Sao Paulo - Guarulhos,Brazil,GRU
1651,Sao Paulo - Viracopos,Brazil,VCP
1652,Sao Tome,Sao Tome & Principe,TMS
1653,Sapporo,"Hokkaido, Japan",SPK
1654,Sapporo - Okadama,"Hokkaido, Japan",OKD
1655,Sapporo - New Chitose Airport,Japan,CTS
1656,Sarajevo,Bosnia and Herzegovina,SJJ
1657,Saransk - Saransk Airport,Russia,SKX
1658,Sarasota/Bradenton (FL),USA,SRQ
1659,Saskatoon,Canada,YXE
1660,Sassandra,Cote d'Ivoire,ZSS
1661,Savannah (GA),USA,SAV
1662,Savonlinna,Finland,SVL
1663,Scarborough - Crown Point International,Trinidad and Tobago,TAB
1664,Scone,Australia,NSO
1665,Scottsdale (AZ),USA,SCF
1666,Seattle/Tacoma (WA),USA,SEA
1667,Sehba,Libya,SEB
1668,Seinaejoki,Finland,SJY
1669,Selibi Phikwe,Botswana,PKW
1670,Sendai,Japan,SDJ
1671,Seoul - Incheon International Airport,South Korea,ICN
1672,Seoul - Kimpo,South Korea,SEL
1673,Sevilla,Spain,SVQ
1674,Sfax,Tunisia,SFA
1675,"Shamattawa, MB",Canada,ZTM
1676,Shanghai - Hongqiao,China,SHA
1677,Shanghai - Pu Dong,China,PVG
1678,Shannon (Limerick),Ireland,SNN
1679,Sharjah,United Arab Emirates,SHJ
1680,Sharm El Sheikh,Egypt,SSH
1681,"Sheffield, City Airport",United Kingdom,SZD
1682,"Sheffield, Doncaster, Robin Hood International Airport",United Kingdom,DSA
1683,Shenandoah Valley/Stauton (VA),USA,SHD
1684,Shenyang,"Liaoning, PR China",SHE
1685,Shenzhen - Shenzhen Bao'an International,"Guangdong, PR China",SZX
1686,Sheridan (WY),USA,SHR
1687,"Shreveport, La",USA,SHV
1688,Shute Harbour,Australia,JHQ
1689,Sibu,Malaysia,SBW
1690,Sidney (MT),USA,SDY
1691,Silistra,Bulgaria,SLS
1692,Simferopol,Ukraine,SIP
1693,Sindhri,Pakistan,MPD
1694,Singapore - Changi,Singapore,SIN
1695,Singapore - Paya Lebar,Singapore,QPG
1696,Singapore - Seletar,Singapore,XSP
1697,Singleton,Australia,SIX
1698,Sioux City IA,USA,SUX
1699,Sioux Falls (SD),USA,FSD
1700,Sishen,South Africa,SIS
1701,Sitka (AK),USA,SIT
1702,Sivas,Turkey,VAS
1703,Siwa,Egypt,SEW
1704,Skagway (AK),USA,SGY
1705,Skardu,Pakistan,KDU
1706,Skiathos,Greece,JSI
1707,Skopje,Macedonia,SKP
1708,Skrydstrup,Denmark,SKS
1709,Skukuza,South Africa,SZK
1710,Sligo,Ireland,SXL
1711,Smithers,Canada,YYD
1712,Sodankylae,Finland,SOT
1713,Soenderborg,Denmark,SGD
1714,Soendre Stroemfjord,Greenland,SFJ
1715,Sofia - Vrazhdebna,Bulgaria,SOF
1716,Sogndal,Norway,SOG
1717,Southampton - Eastleigh,United Kingdom,SOU
1718,South Bend (IN),USA,SBN
1719,"South Indian Lake, MB",Canada,XSI
1720,South Molle Island,Australia,SOI
1721,Southend (London),United Kingdom,SEN
1722,Split,Croatia (Hrvatska),SPU
1723,Spokane (WA),USA,GEG
1724,Springbok,South Africa,SBU
1725,Springfield (IL),USA,SPI
1726,Springfield (MO),USA,SGF
1727,Srinagar,India,SXR
1728,"St. Augustin, PQ",Canada,YIF
1729,St. Croix,Virgin Islands (U.S.),STX
1730,St. Etienne,France,EBU
1731,St. George (UT),USA,SGU
1732,St. John's,Canada,YYT
1733,St. Kitts,St. Kitts and Nevis,SKB
1734,St. Louis (MO) Lambert–St. Louis International Airport,USA,STL
1735,St. Lucia Hewanorra,Saint Lucia,UVF
1736,St. Lucia Vigle,Saint Lucia,SLU
1737,St. Marteen,Netherlands Antilles,SXM
1738,St. Martin,St. Martin (Guadeloupe),SFG
1739,St. Petersburg (Leningrad) - Pulkovo,Russia,LED
1740,"St. Pierre, NF",Canada,FSP
1741,St. Thomas,Virgin Islands (U.S.),STT
1742,St. Vincent,Saint Vincent and the Grenadines,SVD
1743,Stansted (London),United Kingdom,STN
1744,State College/Belefonte (PA),USA,SCE
1745,Stavanger,Norway,SVG
1746,Steamboat Springs (CO),USA,HDN
1747,Stettin,Poland,SZZ
1748,Stockholm Metropolitan Area,Sweden,STO
1749,Stockholm - Arlanda,Sweden,ARN
1750,Stockholm - Bromma,Sweden,BMA
1751,Stockton (CA),USA,SCK
1752,Stornway,United Kingdom,SYY
1753,Strasbourg - Strasbourg Airport,France,SXB
1754,Streaky Bay,Australia,KBY
1755,Stuttgart - Echterdingen,Germany,STR
1756,Sui,Pakistan,SUL
1757,Sukkur,Pakistan,SKZ
1758,Sumburgh (Shetland),United Kingdom,LSI
1759,Sun Valley (ID),USA,SUN
1760,Sundsvall,Sweden,SDL
1761,Sunshine Coast,Australia,MCY
1762,Surabaya - Juanda,Indonesia,SUB
1763,Surat,India,STV
1764,Suva - Nausori Airport (Luvuluvu),Fiji,SUV
1765,Swakopmund,Namibia,SWP
1766,Sydney - Sydney Airport,Australia,SYD
1767,Sylhet,Bangladesh,ZYL
1768,Syracuse (NY),USA,SYR
1771,Tabuk,Saudi Arabia,TUU
1772,Taif,Saudi Arabia,TIF
1773,Taipei - Chiang Kai Shek,Taiwan,TPE
1774,Taipei - Sung Shan,Taiwan,TAY
1775,Taiyuan,"Shanxi, PR China",TYN
1776,Takamatsu,Japan,TAK
1777,Talkeetna (AK),USA,TKA
1778,Tallahassee (FL),USA,TLH
1779,Tallinn - Pirita Harbour,Estonia,QUF
1780,Tallinn - Ulemiste,Estonia,TLL
1781,Tampa - International (FL),USA,TPA
1782,Tampere,Finland,TMP
1783,Tampico - Gen. F. Javier Mina,Mexico,TAM
1784,Tamworth,Australia,TMW
1785,Tangier - Boukhalef,Morocco,TNG
1786,Taree,Australia,TRO
1787,Targovishte,Bulgaria,TGV
1788,Tashkent - International,Uzbekistan,TAS
1789,Tawau,Malaysia,TWU
1790,Tbilisi - Novo Alexeyevka,Georgia,TBS
1791,Te Anau,New Zealand,TEU
1792,"Teesside, Durham Tees Valley",United Kingdom,MME
1793,Tegucigalpa,Honduras,TGU
1794,Tehran (Teheran) - Mehrabad,Iran,THR
1795,Tekirdag - Corlu,Turkey,TEQ
1796,Tel Aviv - Ben Gurion International,Israel,TLV
1797,Telluride (CO),USA,TEX
1798,Temora,Australia,TEM
1799,Tenerife,Spain,TCI
1800,Tenerife - Sur Reina Sofia,Spain,TFS
1801,Tenerife - Norte Los Rodeos,Spain,TFN
1802,Tennant Creek,Australia,TCA
1803,Terceira,Portugal,TER
1804,Teresina,Brazil,THE
1805,Termez (Termes),Uzbekistan,TMZ
1806,Terrace,Canada,YXT
1807,Terre Haute (IN),USA,HUF
1808,Texarkana (AR),USA,TXK
1809,Thaba'Nchu,South Africa,TCU
1810,The Pas,Canada,YQD
1811,Thessaloniki - Makedonia Apt.,Greece,SKG
1812,Thief River Falls (MN),USA,TVF
1813,Thira,Greece,JTR
1814,Thiruvananthapuram,India,TRV
1815,Thisted,Denmark,TED
1816,Thompson,Canada,YTH
1817,Thorne Bay (AK),USA,KTB
1818,Thunder Bay,Canada,YQT
1819,Thursday Island,Australia,TIS
1820,Tianjin,China,TSN
1821,Tijuana - Rodriguez,Mexico,TIJ
1822,Tioman,Indonesia,TOD
1823,Tirana - Rinas,Albania,TIA
1824,Tiruchirapally,India,TRZ
1825,Tivat,Montenegro,TIV
1826,Tobago,Trinidad and Tobago,TAB
1827,Tokushima,Japan,TKS
1828,Tokyo,Japan,TYO
1829,Tokyo - Haneda,Japan,HND
1830,Tokyo - Narita,Japan,NRT
1831,Toledo (OH),USA,TOL
1832,Tom Price,Australia,TPR
1833,Toowoomba,Australia,TWB
1834,Toronto - Billy Bishop Toronto City Airport,Canada,YTZ
1835,Toronto - Toronto Pearson International Airport,Canada,YYZ
1836,Toronto,Canada,YTO
1837,Tortola,British Virgin Islands,TOV
1838,Touho,New Caledonia,TOU
1839,Toulouse - Blagnac Airport,France,TLS
1840,Townsville,Australia,TSV
1841,Toyama,Japan,TOY
1842,Trabzon,Turkey,TZX
1843,Trapani,Italy,TPS
1844,Traverse City (MI),USA,TVC
1845,Treasure Cay,Bahamas,TCB
1846,Trenton/Princeton (NJ),USA,TTN
1847,Treviso,Italy,TSF
1848,Tri-Cities Regional (TN) /VA,USA,TRI
1849,Trieste,Italy,TRS
1850,Tripoli - Tripoli International,Libya,TIP
1851,Tromsoe,Norway,TOS
1852,Trondheim,Norway,TRD
1853,Tsumeb,Namibia,TSB
1854,Tucson (AZ),USA,TUS
1855,Tulepo (MS),USA,TUP
1856,Tulsa (OK),USA,TUL
1857,Tunis - Carthage,Tunisia,TUN
1858,Turbat,Pakistan,TUK
1859,Turin,Italy,TRN
1860,Turku,Finland,TKU
1861,Tuscaloosa (AL),USA,TCL
1862,Tuxtla Gutierrez,Mexico,TGZ
1863,Twin Falls (ID),USA,TWF
1864,Tyler (TX),USA,TYR
1867,Ua Huka,French Polynesia,UAH
1868,Ua Pou,French Polynesia,UAP
1869,Ube,Japan,UBJ
1870,Uberaba,Brazil,UBA
1871,Uberlandia - Eduardo Gomes Airport,Brazil,UDI
1872,Ubon Ratchathani - Muang Ubon Airport,Thailand,UBP
1873,Udaipur - Dabok Airport,India,UDR
1874,Uden - Volkel Airport,Netherlands,UDE
1875,Udon Thani,Thailand,UTH
1876,Ufa,Russia,UFA
1877,Uherske Hradiste,Czech Republic,UHE
1878,Uige,Angola,UGO
1879,Ujung Pandang - Hasanudin Airport,Indonesia,UPG
1880,Ukhta,Russia,UCT
1881,Ukiah (CA),USA,UKI
1882,Ulaanbaatar - Buyant Uhaa Airport,Mongolia,ULN
1883,Ulan-Ude,Russia,UUD
1884,Ulanhot,PR China,HLH
1885,Ulei,Vanuatu,ULB
1886,Ulsan,South Korea,USN
1887,Ulundi,South Africa,ULD
1888,Umea,Sweden,UME
1889,Umiujaq,Canada,YUD
1890,Umtata,South Africa,UTT
1891,Unalakleet (AK),USA,UNK
1892,Union Island,Saint Vincent and the Grenadines,UNI
1893,Unst (Shetland Island) - Baltasound Airport,United Kingdom,UNT
1894,Upala,Costa Rica,UPL
1895,Upernavik - Upernavik Heliport,Greenland,JUV
1896,Upington,South Africa,UTN
1897,Upolu Point (HI),USA,UPP
1898,Uranium City,Canada,YBE
1899,Urgench,Uzbekistan,UGC
1900,Uriman,Venezuela,URM
1901,Urmiehm (Orumieh),Iran,OMH
1902,Uruapan,Mexico,UPN
1903,Urubupunga - Ernesto Pochler Airport,Brazil,URB
1904,Uruguaiana - Ruben Berta Airport,Brazil,URG
1905,Urumqi,"Xinjiang, PR China",URC
1906,Uruzgan,Afghanistan,URZ
1907,Ushuaia - Islas Malvinas Airport,Argentina,USH
1908,Utapao (Pattaya),Thailand,UTP
1909,Utica (NY) - Oneida County Airport,USA,UCA
1910,Utila,Honduras,UII
1911,Uummannaq,Greenland,UMD
1912,Uzhgorod,Ukraine,UDJ
1915,Vaasa,Finland,VAA
1916,Vaexjoe,Sweden,VXO
1917,Vail (CO),USA,EGE
1918,Val d'Or,Canada,YVO
1919,Valdez (AK),USA,VDZ
1920,Valdosta (GA),USA,VLD
1921,Valencia,Spain,VLC
1922,Valencia,Venezuela,VLN
1923,Valladolid,Spain,VLL
1924,Valparaiso,Chile,VAP
1925,Valverde,Spain,VDE
1926,Van - Ferit Melen,Turkey,VAN
1927,Vancouver - Vancouver International,Canada,YVR
1928,Varadero,Cuba,VRA
1929,Varanasi,India,VNS
1930,Varkaus,Finland,VRK
1931,Varna,Bulgaria,VAR
1932,Vasteras,Sweden,VST
1933,Velikiye Luki (Welikije Luki),Russia,VLU
1934,Venice - Marco Polo,Italy,VCE
1935,Veracruz,Mexico,VER
1936,Vernal (UT),USA,VEL
1937,Vero Beach/Ft. Pierce (FL),USA,VRB
1938,Verona (Brescia) Montichiari,Italy,VBS
1939,Verona,Italy,VRN
1940,Victoria,Canada,YYJ
1941,Victoria Falls,Zimbabwe,VFA
1942,Vidin,Bulgaria,VID
1943,Vientiane - Wattay,Lao PDR,VTE
1944,Vigo,Spain,VGO
1945,Villahermosa,Mexico,VSA
1946,Vilnius,Lithuania,VNO
1947,Virgin Gorda,Virgin Islands (British),VIJ
1948,Visalia (CA),USA,VIS
1949,Visby,Sweden,VBY
1950,Vitoria,Spain,VIT
1951,Vitoria - Eurico de Aguiar Salles Airport,Brazil,VIX
1952,Vryheid,South Africa,VYD
1955,Wabush,Canada,YWK
1956,Waco (TX),USA,ACT
1957,Wagga,Australia,WGA
1958,Walla Walla (WA),USA,ALW
1959,Wallis,Wallis and Futuna Islands,WLS
1960,Walvis Bay,South Africa,WVB
1961,Warrnambool,Australia,WMB
1962,Warsaw - Frédéric Chopin,Poland,WAW
1963,Washington DC - Baltimore Washington International,USA,BWI
1964,Washington DC - Dulles International,USA,IAD
1965,Washington DC - Ronald Reagan National,USA,DCA
1966,Washington DC,USA,WAS
1967,Waterloo IA,USA,ALO
1968,Watertown (SD),USA,ATY
1969,Wausau/Stevens Point (WI),USA,CWA
1970,Weipa,Australia,WEI
1971,Welkom,South Africa,WEL
1972,Wellington,New Zealand,WLG
1973,Wenatchee (WA),USA,EAT
1974,West Palm Beach (FL),USA,PBI
1975,West Yellowstone (MT),USA,WYS
1976,"Westerland, Sylt Airport",Germany,GWT
1977,Whakatane,New Zealand,WHK
1978,"Whale Cove, NT",Canada,YXN
1979,Whangarei,New Zealand,WRE
1980,White Plains (NY),USA,HPN
1981,Whitehorse,Canada,YXY
1982,Whitsunday Resort,Australia,HAP
1983,Whyalla,Australia,WYA
1984,Wichita Falls (TX),USA,SPS
1985,Wichita (KS),USA,ICT
1986,Wick,United Kingdom,WIC
1987,Wickham,Australia,WHM
1988,Wien (Vienna) - Vienna International,Austria,VIE
1989,"Wiesbaden, Air Base",Germany,WIE
1990,Wilkes Barre/Scranton (PA),USA,AVP
1991,Williamsport (PA),USA,IPT
1992,Williston (ND),USA,ISL
1993,Wilmington (NC),USA,ILM
1994,Wilna (Vilnius),Lithuania,VNO
1995,Wiluna,Australia,WUN
1996,Windhoek - Eros,Namibia,ERS
1997,Windhoek - Hosea Kutako International,Namibia,WDH
1998,Windsor Ontario,Canada,YQG
1999,Winnipeg International,Canada,YWG
2000,Wolf Point (MT),USA,OLF
2001,Wollongong,Australia,WOL
2002,Woomera,Australia,UMR
2003,Worcester (MA),USA,ORH
2004,Worland (WY),USA,WRL
2005,Wrangell (AK),USA,WRG
2006,Wuhan,"Hubei, PR China",WUH
2007,Wyndham,Australia,WYN
2009,XYZ,XYZ,XYZ
2010,Xiamen,"Fujian, PR China",XMN
2011,Xi'an - Xianyang,"Shaanxi, PR China",XIY
2012,Yakima (WA),USA,YKM
2013,Yakutat (AK),USA,YAK
2014,Yakutsk,Russia,YKS
2015,"Yamagata, Junmachi",Japan,GAJ
2016,Yamoussoukro,Côte d'Ivoire,ASK
2017,Yanbu,Saudi Arabia,YNB
2018,Yangon (Rangoon) - Mingaladon,Myanmar,RGN
2019,Yaounde,Cameroon,YAO
2020,Yellowknife,Canada,YZF
2021,Yekaterinburg - Koltsovo Airport,Russia,SVX
2022,Yichang,"Hubei, PR China",YIH
2023,Yokohama,Japan,YOK
2024,Yuma (AZ),USA,YUM
2025,Zacatecas,Mexico,ZCL
2026,Zadar,Croatia (Hrvatska),ZAD
2027,Zagreb - Zagreb Airport Pleso,Croatia (Hrvatska),ZAG
2028,Zakynthos,Greece,ZTH
2029,Zaragoza,Spain,ZAZ
2030,Zhob,Pakistan,PZH
2031,Zinder,Niger,ZND
2032,Zouerate,Mauritania,OUZ
2033,Zurich (Zürich) - Kloten,Switzerland,ZRH
